西元年,季度,period,民國年季,大類,指標名稱,數值,單位
2016,1,2016Q1,民國105年第1季,人均指標,平均每人用電量,2374.682,度
2016,1,2016Q1,民國105年第1季,人均指標,平均每人能源消費量,792.817,公斤油當量
2016,1,2016Q1,民國105年第1季,人均指標,平均每人負擔能源進口值,8166.706108,元
2016,1,2016Q1,民國105年第1季,依存度指標,進口石油依存度,99.825,%
2016,1,2016Q1,民國105年第1季,依存度指標,進口能源依存度,97.2026,%
2016,1,2016Q1,民國105年第1季,密集度指標,初級能源密集度,6.142,公斤油當量/千元
2016,1,2016Q1,民國105年第1季,密集度指標,工業部門能源消費密集度,4.023,公斤油當量/千元
2016,1,2016Q1,民國105年第1季,密集度指標,服務業部門能源消費密集度,0.412,公斤油當量/千元
2016,1,2016Q1,民國105年第1季,密集度指標,能源消費密集度,4.374,公斤油當量/千元
2016,1,2016Q1,民國105年第1季,密集度指標,能源生產力,228.580173,元/公斤油當量
2016,1,2016Q1,民國105年第1季,密集度指標,電力密集度,13.103696,度/千元
2016,1,2016Q1,民國105年第1季,彈性值指標,國內能源消費彈性值,12.646048,
2016,1,2016Q1,民國105年第1季,彈性值指標,電力消費彈性值,8.376861,
2016,1,2016Q1,民國105年第1季,能源進口指標,能源進口值占總進口值比例,11.5412,%
2016,1,2016Q1,民國105年第1季,集中度指標,發電能源種類集中度,56.5225,%
2016,1,2016Q1,民國105年第1季,集中度指標,能源供應種類集中度,55.5798,%
2016,1,2016Q1,民國105年第1季,集中度指標,進口原油來源集中度,43.89414630503084,%
2016,2,2016Q2,民國105年第2季,人均指標,平均每人用電量,2695.701,度
2016,2,2016Q2,民國105年第2季,人均指標,平均每人能源消費量,819.271,公斤油當量
2016,2,2016Q2,民國105年第2季,人均指標,平均每人負擔能源進口值,10138.289042,元
2016,2,2016Q2,民國105年第2季,依存度指標,進口石油依存度,99.8374,%
2016,2,2016Q2,民國105年第2季,依存度指標,進口能源依存度,97.6585,%
2016,2,2016Q2,民國105年第2季,密集度指標,初級能源密集度,6.267,公斤油當量/千元
2016,2,2016Q2,民國105年第2季,密集度指標,工業部門能源消費密集度,3.897,公斤油當量/千元
2016,2,2016Q2,民國105年第2季,密集度指標,服務業部門能源消費密集度,0.489,公斤油當量/千元
2016,2,2016Q2,民國105年第2季,密集度指標,能源消費密集度,4.367,公斤油當量/千元
2016,2,2016Q2,民國105年第2季,密集度指標,能源生產力,228.946947,元/公斤油當量
2016,2,2016Q2,民國105年第2季,密集度指標,電力密集度,14.371735,度/千元
2016,2,2016Q2,民國105年第2季,彈性值指標,國內能源消費彈性值,0.146143,
2016,2,2016Q2,民國105年第2季,彈性值指標,電力消費彈性值,1.341376,
2016,2,2016Q2,民國105年第2季,能源進口指標,能源進口值占總進口值比例,12.9794,%
2016,2,2016Q2,民國105年第2季,集中度指標,發電能源種類集中度,57.153,%
2016,2,2016Q2,民國105年第2季,集中度指標,能源供應種類集中度,55.718,%
2016,2,2016Q2,民國105年第2季,集中度指標,進口原油來源集中度,44.51369239037143,%
2016,3,2016Q3,民國105年第3季,人均指標,平均每人用電量,3015.415,度
2016,3,2016Q3,民國105年第3季,人均指標,平均每人能源消費量,820.935,公斤油當量
2016,3,2016Q3,民國105年第3季,人均指標,平均每人負擔能源進口值,10182.831099,元
2016,3,2016Q3,民國105年第3季,依存度指標,進口石油依存度,99.8285,%
2016,3,2016Q3,民國105年第3季,依存度指標,進口能源依存度,97.6277,%
2016,3,2016Q3,民國105年第3季,密集度指標,初級能源密集度,6.227,公斤油當量/千元
2016,3,2016Q3,民國105年第3季,密集度指標,工業部門能源消費密集度,3.656,公斤油當量/千元
2016,3,2016Q3,民國105年第3季,密集度指標,服務業部門能源消費密集度,0.537,公斤油當量/千元
2016,3,2016Q3,民國105年第3季,密集度指標,能源消費密集度,4.239,公斤油當量/千元
2016,3,2016Q3,民國105年第3季,密集度指標,能源生產力,235.900879,元/公斤油當量
2016,3,2016Q3,民國105年第3季,密集度指標,電力密集度,15.570711,度/千元
2016,3,2016Q3,民國105年第3季,彈性值指標,國內能源消費彈性值,-0.318677,
2016,3,2016Q3,民國105年第3季,彈性值指標,電力消費彈性值,0.682156,
2016,3,2016Q3,民國105年第3季,能源進口指標,能源進口值占總進口值比例,12.6793,%
2016,3,2016Q3,民國105年第3季,集中度指標,發電能源種類集中度,58.0559,%
2016,3,2016Q3,民國105年第3季,集中度指標,能源供應種類集中度,55.368,%
2016,3,2016Q3,民國105年第3季,集中度指標,進口原油來源集中度,41.08086724371625,%
2016,4,2016Q4,民國105年第4季,人均指標,平均每人用電量,2778.107,度
2016,4,2016Q4,民國105年第4季,人均指標,平均每人能源消費量,834.193,公斤油當量
2016,4,2016Q4,民國105年第4季,人均指標,平均每人負擔能源進口值,11600.429156,元
2016,4,2016Q4,民國105年第4季,依存度指標,進口石油依存度,99.8322,%
2016,4,2016Q4,民國105年第4季,依存度指標,進口能源依存度,97.811,%
2016,4,2016Q4,民國105年第4季,密集度指標,初級能源密集度,5.897,公斤油當量/千元
2016,4,2016Q4,民國105年第4季,密集度指標,工業部門能源消費密集度,3.67,公斤油當量/千元
2016,4,2016Q4,民國105年第4季,密集度指標,服務業部門能源消費密集度,0.468,公斤油當量/千元
2016,4,2016Q4,民國105年第4季,密集度指標,能源消費密集度,4.153,公斤油當量/千元
2016,4,2016Q4,民國105年第4季,密集度指標,能源生產力,240.735953,元/公斤油當量
2016,4,2016Q4,民國105年第4季,密集度指標,電力密集度,13.833793,度/千元
2016,4,2016Q4,民國105年第4季,彈性值指標,國內能源消費彈性值,0.837202,
2016,4,2016Q4,民國105年第4季,彈性值指標,電力消費彈性值,1.221839,
2016,4,2016Q4,民國105年第4季,能源進口指標,能源進口值占總進口值比例,13.5132,%
2016,4,2016Q4,民國105年第4季,集中度指標,發電能源種類集中度,57.8377,%
2016,4,2016Q4,民國105年第4季,集中度指標,能源供應種類集中度,56.4324,%
2016,4,2016Q4,民國105年第4季,集中度指標,進口原油來源集中度,39.52548269615334,%
2017,1,2017Q1,民國106年第1季,人均指標,平均每人用電量,2468.622,度
2017,1,2017Q1,民國106年第1季,人均指標,平均每人能源消費量,774.116,公斤油當量
2017,1,2017Q1,民國106年第1季,人均指標,平均每人負擔能源進口值,12277.637314,元
2017,1,2017Q1,民國106年第1季,依存度指標,進口石油依存度,99.8167,%
2017,1,2017Q1,民國106年第1季,依存度指標,進口能源依存度,97.6698,%
2017,1,2017Q1,民國106年第1季,密集度指標,初級能源密集度,5.744,公斤油當量/千元
2017,1,2017Q1,民國106年第1季,密集度指標,工業部門能源消費密集度,3.726,公斤油當量/千元
2017,1,2017Q1,民國106年第1季,密集度指標,服務業部門能源消費密集度,0.415,公斤油當量/千元
2017,1,2017Q1,民國106年第1季,密集度指標,能源消費密集度,4.126,公斤油當量/千元
2017,1,2017Q1,民國106年第1季,密集度指標,能源生產力,242.317203,元/公斤油當量
2017,1,2017Q1,民國106年第1季,密集度指標,電力密集度,13.16024,度/千元
2017,1,2017Q1,民國106年第1季,彈性值指標,國內能源消費彈性值,-0.579795,
2017,1,2017Q1,民國106年第1季,彈性值指標,電力消費彈性值,1.120257,
2017,1,2017Q1,民國106年第1季,能源進口指標,能源進口值占總進口值比例,15.0652,%
2017,1,2017Q1,民國106年第1季,集中度指標,發電能源種類集中度,59.6709,%
2017,1,2017Q1,民國106年第1季,集中度指標,能源供應種類集中度,56.6356,%
2017,1,2017Q1,民國106年第1季,集中度指標,進口原油來源集中度,46.33788303558491,%
2017,2,2017Q2,民國106年第2季,人均指標,平均每人用電量,2697.105,度
2017,2,2017Q2,民國106年第2季,人均指標,平均每人能源消費量,807.943,公斤油當量
2017,2,2017Q2,民國106年第2季,人均指標,平均每人負擔能源進口值,12397.8734,元
2017,2,2017Q2,民國106年第2季,依存度指標,進口石油依存度,99.8325,%
2017,2,2017Q2,民國106年第2季,依存度指標,進口能源依存度,97.6604,%
2017,2,2017Q2,民國106年第2季,密集度指標,初級能源密集度,6.107,公斤油當量/千元
2017,2,2017Q2,民國106年第2季,密集度指標,工業部門能源消費密集度,3.748,公斤油當量/千元
2017,2,2017Q2,民國106年第2季,密集度指標,服務業部門能源消費密集度,0.472,公斤油當量/千元
2017,2,2017Q2,民國106年第2季,密集度指標,能源消費密集度,4.198,公斤油當量/千元
2017,2,2017Q2,民國106年第2季,密集度指標,能源生產力,238.154407,元/公斤油當量
2017,2,2017Q2,民國106年第2季,密集度指標,電力密集度,14.017104,度/千元
2017,2,2017Q2,民國106年第2季,彈性值指標,國內能源消費彈性值,-0.426228,
2017,2,2017Q2,民國106年第2季,彈性值指標,電力消費彈性值,0.089724,
2017,2,2017Q2,民國106年第2季,能源進口指標,能源進口值占總進口值比例,15.1992,%
2017,2,2017Q2,民國106年第2季,集中度指標,發電能源種類集中度,60.4209,%
2017,2,2017Q2,民國106年第2季,集中度指標,能源供應種類集中度,57.113,%
2017,2,2017Q2,民國106年第2季,集中度指標,進口原油來源集中度,37.19828701358072,%
2017,3,2017Q3,民國106年第3季,人均指標,平均每人用電量,3072.795,度
2017,3,2017Q3,民國106年第3季,人均指標,平均每人能源消費量,842.809,公斤油當量
2017,3,2017Q3,民國106年第3季,人均指標,平均每人負擔能源進口值,12152.967732,元
2017,3,2017Q3,民國106年第3季,依存度指標,進口石油依存度,99.813,%
2017,3,2017Q3,民國106年第3季,依存度指標,進口能源依存度,97.7058,%
2017,3,2017Q3,民國106年第3季,密集度指標,初級能源密集度,6.19,公斤油當量/千元
2017,3,2017Q3,民國106年第3季,密集度指標,工業部門能源消費密集度,3.442,公斤油當量/千元
2017,3,2017Q3,民國106年第3季,密集度指標,服務業部門能源消費密集度,0.535,公斤油當量/千元
2017,3,2017Q3,民國106年第3季,密集度指標,能源消費密集度,4.192,公斤油當量/千元
2017,3,2017Q3,民國106年第3季,密集度指標,能源生產力,238.497394,元/公斤油當量
2017,3,2017Q3,民國106年第3季,密集度指標,電力密集度,15.28694,度/千元
2017,3,2017Q3,民國106年第3季,彈性值指標,國內能源消費彈性值,0.715263,
2017,3,2017Q3,民國106年第3季,彈性值指標,電力消費彈性值,0.523367,
2017,3,2017Q3,民國106年第3季,能源進口指標,能源進口值占總進口值比例,14.4395,%
2017,3,2017Q3,民國106年第3季,集中度指標,發電能源種類集中度,58.5899,%
2017,3,2017Q3,民國106年第3季,集中度指標,能源供應種類集中度,55.9706,%
2017,3,2017Q3,民國106年第3季,集中度指標,進口原油來源集中度,40.87798414520245,%
2017,4,2017Q4,民國106年第4季,人均指標,平均每人用電量,2859.512,度
2017,4,2017Q4,民國106年第4季,人均指標,平均每人能源消費量,826.576,公斤油當量
2017,4,2017Q4,民國106年第4季,人均指標,平均每人負擔能源進口值,12856.336667,元
2017,4,2017Q4,民國106年第4季,依存度指標,進口石油依存度,99.8361,%
2017,4,2017Q4,民國106年第4季,依存度指標,進口能源依存度,97.7576,%
2017,4,2017Q4,民國106年第4季,密集度指標,初級能源密集度,5.548,公斤油當量/千元
2017,4,2017Q4,民國106年第4季,密集度指標,工業部門能源消費密集度,3.439,公斤油當量/千元
2017,4,2017Q4,民國106年第4季,密集度指標,服務業部門能源消費密集度,0.46,公斤油當量/千元
2017,4,2017Q4,民國106年第4季,密集度指標,能源消費密集度,3.958,公斤油當量/千元
2017,4,2017Q4,民國106年第4季,密集度指標,能源生產力,252.5954,元/公斤油當量
2017,4,2017Q4,民國106年第4季,密集度指標,電力密集度,13.695671,度/千元
2017,4,2017Q4,民國106年第4季,彈性值指標,國內能源消費彈性值,-0.186121,
2017,4,2017Q4,民國106年第4季,彈性值指標,電力消費彈性值,0.747761,
2017,4,2017Q4,民國106年第4季,能源進口指標,能源進口值占總進口值比例,14.7723,%
2017,4,2017Q4,民國106年第4季,集中度指標,發電能源種類集中度,58.1493,%
2017,4,2017Q4,民國106年第4季,集中度指標,能源供應種類集中度,55.483,%
2017,4,2017Q4,民國106年第4季,集中度指標,進口原油來源集中度,41.39545432133364,%
2018,1,2018Q1,民國107年第1季,人均指標,平均每人用電量,2541.046,度
2018,1,2018Q1,民國107年第1季,人均指標,平均每人能源消費量,796.402,公斤油當量
2018,1,2018Q1,民國107年第1季,人均指標,平均每人負擔能源進口值,13700.818707,元
2018,1,2018Q1,民國107年第1季,依存度指標,進口石油依存度,99.337,%
2018,1,2018Q1,民國107年第1季,依存度指標,進口能源依存度,97.3039,%
2018,1,2018Q1,民國107年第1季,密集度指標,初級能源密集度,5.622,公斤油當量/千元
2018,1,2018Q1,民國107年第1季,密集度指標,工業部門能源消費密集度,3.71,公斤油當量/千元
2018,1,2018Q1,民國107年第1季,密集度指標,服務業部門能源消費密集度,0.401,公斤油當量/千元
2018,1,2018Q1,民國107年第1季,密集度指標,能源消費密集度,4.109,公斤油當量/千元
2018,1,2018Q1,民國107年第1季,密集度指標,能源生產力,243.309815,元/公斤油當量
2018,1,2018Q1,民國107年第1季,密集度指標,電力密集度,13.113557,度/千元
2018,1,2018Q1,民國107年第1季,彈性值指標,國內能源消費彈性值,0.876882,
2018,1,2018Q1,民國107年第1季,彈性值指標,電力消費彈性值,0.892932,
2018,1,2018Q1,民國107年第1季,能源進口指標,能源進口值占總進口值比例,16.1341,%
2018,1,2018Q1,民國107年第1季,集中度指標,發電能源種類集中度,57.9886,%
2018,1,2018Q1,民國107年第1季,集中度指標,能源供應種類集中度,55.7576,%
2018,1,2018Q1,民國107年第1季,集中度指標,進口原油來源集中度,45.17415798939653,%
2018,2,2018Q2,民國107年第2季,人均指標,平均每人用電量,2823.794,度
2018,2,2018Q2,民國107年第2季,人均指標,平均每人能源消費量,820.925,公斤油當量
2018,2,2018Q2,民國107年第2季,人均指標,平均每人負擔能源進口值,15481.090905,元
2018,2,2018Q2,民國107年第2季,依存度指標,進口石油依存度,99.3831,%
2018,2,2018Q2,民國107年第2季,依存度指標,進口能源依存度,97.8423,%
2018,2,2018Q2,民國107年第2季,密集度指標,初級能源密集度,6.09,公斤油當量/千元
2018,2,2018Q2,民國107年第2季,密集度指標,工業部門能源消費密集度,3.668,公斤油當量/千元
2018,2,2018Q2,民國107年第2季,密集度指標,服務業部門能源消費密集度,0.464,公斤油當量/千元
2018,2,2018Q2,民國107年第2季,密集度指標,能源消費密集度,4.129,公斤油當量/千元
2018,2,2018Q2,民國107年第2季,密集度指標,能源生產力,242.184452,元/公斤油當量
2018,2,2018Q2,民國107年第2季,密集度指標,電力密集度,14.203094,度/千元
2018,2,2018Q2,民國107年第2季,彈性值指標,國內能源消費彈性值,0.49847,
2018,2,2018Q2,民國107年第2季,彈性值指標,電力消費彈性值,1.399918,
2018,2,2018Q2,民國107年第2季,能源進口指標,能源進口值占總進口值比例,17.7565,%
2018,2,2018Q2,民國107年第2季,集中度指標,發電能源種類集中度,60.2818,%
2018,2,2018Q2,民國107年第2季,集中度指標,能源供應種類集中度,56.209,%
2018,2,2018Q2,民國107年第2季,集中度指標,進口原油來源集中度,40.25043191135399,%
2018,3,2018Q3,民國107年第3季,人均指標,平均每人用電量,3138.595,度
2018,3,2018Q3,民國107年第3季,人均指標,平均每人能源消費量,848.749,公斤油當量
2018,3,2018Q3,民國107年第3季,人均指標,平均每人負擔能源進口值,16949.64677,元
2018,3,2018Q3,民國107年第3季,依存度指標,進口石油依存度,99.3666,%
2018,3,2018Q3,民國107年第3季,依存度指標,進口能源依存度,97.5176,%
2018,3,2018Q3,民國107年第3季,密集度指標,初級能源密集度,6.059,公斤油當量/千元
2018,3,2018Q3,民國107年第3季,密集度指標,工業部門能源消費密集度,3.394,公斤油當量/千元
2018,3,2018Q3,民國107年第3季,密集度指標,服務業部門能源消費密集度,0.508,公斤油當量/千元
2018,3,2018Q3,民國107年第3季,密集度指標,能源消費密集度,4.122,公斤油當量/千元
2018,3,2018Q3,民國107年第3季,密集度指標,能源生產力,242.570088,元/公斤油當量
2018,3,2018Q3,民國107年第3季,密集度指標,電力密集度,15.244696,度/千元
2018,3,2018Q3,民國107年第3季,彈性值指標,國內能源消費彈性值,0.315707,
2018,3,2018Q3,民國107年第3季,彈性值指標,電力消費彈性值,0.887369,
2018,3,2018Q3,民國107年第3季,能源進口指標,能源進口值占總進口值比例,17.6069,%
2018,3,2018Q3,民國107年第3季,集中度指標,發電能源種類集中度,59.2685,%
2018,3,2018Q3,民國107年第3季,集中度指標,能源供應種類集中度,55.503,%
2018,3,2018Q3,民國107年第3季,集中度指標,進口原油來源集中度,43.75690680041827,%
2018,4,2018Q4,民國107年第4季,人均指標,平均每人用電量,2803.259,度
2018,4,2018Q4,民國107年第4季,人均指標,平均每人能源消費量,833.897,公斤油當量
2018,4,2018Q4,民國107年第4季,人均指標,平均每人負擔能源進口值,16352.193322,元
2018,4,2018Q4,民國107年第4季,依存度指標,進口石油依存度,99.0931,%
2018,4,2018Q4,民國107年第4季,依存度指標,進口能源依存度,97.3368,%
2018,4,2018Q4,民國107年第4季,密集度指標,初級能源密集度,5.419,公斤油當量/千元
2018,4,2018Q4,民國107年第4季,密集度指標,工業部門能源消費密集度,3.43,公斤油當量/千元
2018,4,2018Q4,民國107年第4季,密集度指標,服務業部門能源消費密集度,0.422,公斤油當量/千元
2018,4,2018Q4,民國107年第4季,密集度指標,能源消費密集度,3.906,公斤油當量/千元
2018,4,2018Q4,民國107年第4季,密集度指標,能源生產力,256.002561,元/公斤油當量
2018,4,2018Q4,民國107年第4季,密集度指標,電力密集度,13.131265,度/千元
2018,4,2018Q4,民國107年第4季,彈性值指標,國內能源消費彈性值,0.415041,
2018,4,2018Q4,民國107年第4季,彈性值指標,電力消費彈性值,-0.81127,
2018,4,2018Q4,民國107年第4季,能源進口指標,能源進口值占總進口值比例,17.2019,%
2018,4,2018Q4,民國107年第4季,集中度指標,發電能源種類集中度,59.6348,%
2018,4,2018Q4,民國107年第4季,集中度指標,能源供應種類集中度,55.8609,%
2018,4,2018Q4,民國107年第4季,集中度指標,進口原油來源集中度,41.65031185251697,%
2019,1,2019Q1,民國108年第1季,人均指標,平均每人用電量,2546.221,度
2019,1,2019Q1,民國108年第1季,人均指標,平均每人能源消費量,805.303,公斤油當量
2019,1,2019Q1,民國108年第1季,人均指標,平均每人負擔能源進口值,13894.771414,元
2019,1,2019Q1,民國108年第1季,依存度指標,進口石油依存度,99.1753,%
2019,1,2019Q1,民國108年第1季,依存度指標,進口能源依存度,97.4378,%
2019,1,2019Q1,民國108年第1季,密集度指標,初級能源密集度,5.601,公斤油當量/千元
2019,1,2019Q1,民國108年第1季,密集度指標,工業部門能源消費密集度,3.662,公斤油當量/千元
2019,1,2019Q1,民國108年第1季,密集度指標,服務業部門能源消費密集度,0.4,公斤油當量/千元
2019,1,2019Q1,民國108年第1季,密集度指標,能源消費密集度,4.074,公斤油當量/千元
2019,1,2019Q1,民國108年第1季,密集度指標,能源生產力,245.441498,元/公斤油當量
2019,1,2019Q1,民國108年第1季,密集度指標,電力密集度,12.882158,度/千元
2019,1,2019Q1,民國108年第1季,彈性值指標,國內能源消費彈性值,0.573565,
2019,1,2019Q1,民國108年第1季,彈性值指標,電力消費彈性值,0.133615,
2019,1,2019Q1,民國108年第1季,能源進口指標,能源進口值占總進口值比例,15.9154,%
2019,1,2019Q1,民國108年第1季,集中度指標,發電能源種類集中度,57.5704,%
2019,1,2019Q1,民國108年第1季,集中度指標,能源供應種類集中度,55.571,%
2019,1,2019Q1,民國108年第1季,集中度指標,進口原油來源集中度,44.15205678352604,%
2019,2,2019Q2,民國108年第2季,人均指標,平均每人用電量,2796.358,度
2019,2,2019Q2,民國108年第2季,人均指標,平均每人能源消費量,794.794,公斤油當量
2019,2,2019Q2,民國108年第2季,人均指標,平均每人負擔能源進口值,15419.820555,元
2019,2,2019Q2,民國108年第2季,依存度指標,進口石油依存度,99.3011,%
2019,2,2019Q2,民國108年第2季,依存度指標,進口能源依存度,97.2335,%
2019,2,2019Q2,民國108年第2季,密集度指標,初級能源密集度,5.748,公斤油當量/千元
2019,2,2019Q2,民國108年第2季,密集度指標,工業部門能源消費密集度,3.488,公斤油當量/千元
2019,2,2019Q2,民國108年第2季,密集度指標,服務業部門能源消費密集度,0.447,公斤油當量/千元
2019,2,2019Q2,民國108年第2季,密集度指標,能源消費密集度,3.885,公斤油當量/千元
2019,2,2019Q2,民國108年第2季,密集度指標,能源生產力,257.37489,元/公斤油當量
2019,2,2019Q2,民國108年第2季,密集度指標,電力密集度,13.670101,度/千元
2019,2,2019Q2,民國108年第2季,彈性值指標,國內能源消費彈性值,-1.050615,
2019,2,2019Q2,民國108年第2季,彈性值指標,電力消費彈性值,-0.303796,
2019,2,2019Q2,民國108年第2季,能源進口指標,能源進口值占總進口值比例,16.7165,%
2019,2,2019Q2,民國108年第2季,集中度指標,發電能源種類集中度,59.0182,%
2019,2,2019Q2,民國108年第2季,集中度指標,能源供應種類集中度,56.275,%
2019,2,2019Q2,民國108年第2季,集中度指標,進口原油來源集中度,45.76097743706694,%
2019,3,2019Q3,民國108年第3季,人均指標,平均每人用電量,3102.15,度
2019,3,2019Q3,民國108年第3季,人均指標,平均每人能源消費量,803.49,公斤油當量
2019,3,2019Q3,民國108年第3季,人均指標,平均每人負擔能源進口值,14394.901089,元
2019,3,2019Q3,民國108年第3季,依存度指標,進口石油依存度,99.1355,%
2019,3,2019Q3,民國108年第3季,依存度指標,進口能源依存度,97.1151,%
2019,3,2019Q3,民國108年第3季,密集度指標,初級能源密集度,5.611,公斤油當量/千元
2019,3,2019Q3,民國108年第3季,密集度指標,工業部門能源消費密集度,3.225,公斤油當量/千元
2019,3,2019Q3,民國108年第3季,密集度指標,服務業部門能源消費密集度,0.486,公斤油當量/千元
2019,3,2019Q3,民國108年第3季,密集度指標,能源消費密集度,3.776,公斤油當量/千元
2019,3,2019Q3,民國108年第3季,密集度指標,能源生產力,264.793843,元/公斤油當量
2019,3,2019Q3,民國108年第3季,密集度指標,電力密集度,14.580557,度/千元
2019,3,2019Q3,民國108年第3季,彈性值指標,國內能源消費彈性值,-1.542817,
2019,3,2019Q3,民國108年第3季,彈性值指標,電力消費彈性值,-0.319895,
2019,3,2019Q3,民國108年第3季,能源進口指標,能源進口值占總進口值比例,15.0397,%
2019,3,2019Q3,民國108年第3季,集中度指標,發電能源種類集中度,59.2565,%
2019,3,2019Q3,民國108年第3季,集中度指標,能源供應種類集中度,55.354,%
2019,3,2019Q3,民國108年第3季,集中度指標,進口原油來源集中度,44.25234707415742,%
2019,4,2019Q4,民國108年第4季,人均指標,平均每人用電量,2818.244,度
2019,4,2019Q4,民國108年第4季,人均指標,平均每人能源消費量,786.502,公斤油當量
2019,4,2019Q4,民國108年第4季,人均指標,平均每人負擔能源進口值,12989.726118,元
2019,4,2019Q4,民國108年第4季,依存度指標,進口石油依存度,99.2344,%
2019,4,2019Q4,民國108年第4季,依存度指標,進口能源依存度,97.3722,%
2019,4,2019Q4,民國108年第4季,密集度指標,初級能源密集度,4.989,公斤油當量/千元
2019,4,2019Q4,民國108年第4季,密集度指標,工業部門能源消費密集度,3.238,公斤油當量/千元
2019,4,2019Q4,民國108年第4季,密集度指標,服務業部門能源消費密集度,0.405,公斤油當量/千元
2019,4,2019Q4,民國108年第4季,密集度指標,能源消費密集度,3.555,公斤油當量/千元
2019,4,2019Q4,民國108年第4季,密集度指標,能源生產力,281.239365,元/公斤油當量
2019,4,2019Q4,民國108年第4季,密集度指標,電力密集度,12.740976,度/千元
2019,4,2019Q4,民國108年第4季,彈性值指標,國內能源消費彈性值,-1.527423,
2019,4,2019Q4,民國108年第4季,彈性值指標,電力消費彈性值,0.162858,
2019,4,2019Q4,民國108年第4季,能源進口指標,能源進口值占總進口值比例,13.0294,%
2019,4,2019Q4,民國108年第4季,集中度指標,發電能源種類集中度,57.3974,%
2019,4,2019Q4,民國108年第4季,集中度指標,能源供應種類集中度,54.5216,%
2019,4,2019Q4,民國108年第4季,集中度指標,進口原油來源集中度,42.08343914389132,%
2020,1,2020Q1,民國109年第1季,人均指標,平均每人用電量,2600.292,度
2020,1,2020Q1,民國109年第1季,人均指標,平均每人能源消費量,764.727,公斤油當量
2020,1,2020Q1,民國109年第1季,人均指標,平均每人負擔能源進口值,12808.080079,元
2020,1,2020Q1,民國109年第1季,依存度指標,進口石油依存度,99.2838,%
2020,1,2020Q1,民國109年第1季,依存度指標,進口能源依存度,97.298,%
2020,1,2020Q1,民國109年第1季,密集度指標,初級能源密集度,4.903,公斤油當量/千元
2020,1,2020Q1,民國109年第1季,密集度指標,工業部門能源消費密集度,3.401,公斤油當量/千元
2020,1,2020Q1,民國109年第1季,密集度指標,服務業部門能源消費密集度,0.389,公斤油當量/千元
2020,1,2020Q1,民國109年第1季,密集度指標,能源消費密集度,3.75,公斤油當量/千元
2020,1,2020Q1,民國109年第1季,密集度指標,能源生產力,266.632755,元/公斤油當量
2020,1,2020Q1,民國109年第1季,密集度指標,電力密集度,12.752692,度/千元
2020,1,2020Q1,民國109年第1季,彈性值指標,國內能源消費彈性值,-1.557509,
2020,1,2020Q1,民國109年第1季,彈性值指標,電力消費彈性值,0.676581,
2020,1,2020Q1,民國109年第1季,能源進口指標,能源進口值占總進口值比例,14.4988,%
2020,1,2020Q1,民國109年第1季,集中度指標,發電能源種類集中度,57.745,%
2020,1,2020Q1,民國109年第1季,集中度指標,能源供應種類集中度,55.3887,%
2020,1,2020Q1,民國109年第1季,集中度指標,進口原油來源集中度,47.92815610577824,%
2020,2,2020Q2,民國109年第2季,人均指標,平均每人用電量,2764.761,度
2020,2,2020Q2,民國109年第2季,人均指標,平均每人能源消費量,790.319,公斤油當量
2020,2,2020Q2,民國109年第2季,人均指標,平均每人負擔能源進口值,7534.521564,元
2020,2,2020Q2,民國109年第2季,依存度指標,進口石油依存度,99.1719,%
2020,2,2020Q2,民國109年第2季,依存度指標,進口能源依存度,97.4483,%
2020,2,2020Q2,民國109年第2季,密集度指標,初級能源密集度,5.581,公斤油當量/千元
2020,2,2020Q2,民國109年第2季,密集度指標,工業部門能源消費密集度,3.246,公斤油當量/千元
2020,2,2020Q2,民國109年第2季,密集度指標,服務業部門能源消費密集度,0.435,公斤油當量/千元
2020,2,2020Q2,民國109年第2季,密集度指標,能源消費密集度,3.842,公斤油當量/千元
2020,2,2020Q2,民國109年第2季,密集度指標,能源生產力,260.262709,元/公斤油當量
2020,2,2020Q2,民國109年第2季,密集度指標,電力密集度,13.441355,度/千元
2020,2,2020Q2,民國109年第2季,彈性值指標,國內能源消費彈性值,-1.01827,
2020,2,2020Q2,民國109年第2季,彈性值指標,電力消費彈性值,-2.043777,
2020,2,2020Q2,民國109年第2季,能源進口指標,能源進口值占總進口值比例,8.7989,%
2020,2,2020Q2,民國109年第2季,集中度指標,發電能源種類集中度,59.4965,%
2020,2,2020Q2,民國109年第2季,集中度指標,能源供應種類集中度,54.7548,%
2020,2,2020Q2,民國109年第2季,集中度指標,進口原油來源集中度,44.24481018800154,%
2020,3,2020Q3,民國109年第3季,人均指標,平均每人用電量,3225.081,度
2020,3,2020Q3,民國109年第3季,人均指標,平均每人能源消費量,806.509,公斤油當量
2020,3,2020Q3,民國109年第3季,人均指標,平均每人負擔能源進口值,7919.238115,元
2020,3,2020Q3,民國109年第3季,依存度指標,進口石油依存度,99.1728,%
2020,3,2020Q3,民國109年第3季,依存度指標,進口能源依存度,97.3561,%
2020,3,2020Q3,民國109年第3季,密集度指標,初級能源密集度,5.368,公斤油當量/千元
2020,3,2020Q3,民國109年第3季,密集度指標,工業部門能源消費密集度,2.966,公斤油當量/千元
2020,3,2020Q3,民國109年第3季,密集度指標,服務業部門能源消費密集度,0.491,公斤油當量/千元
2020,3,2020Q3,民國109年第3季,密集度指標,能源消費密集度,3.634,公斤油當量/千元
2020,3,2020Q3,民國109年第3季,密集度指標,能源生產力,275.164375,元/公斤油當量
2020,3,2020Q3,民國109年第3季,密集度指標,電力密集度,14.532452,度/千元
2020,3,2020Q3,民國109年第3季,彈性值指標,國內能源消費彈性值,0.07233,
2020,3,2020Q3,民國109年第3季,彈性值指標,電力消費彈性值,0.918813,
2020,3,2020Q3,民國109年第3季,能源進口指標,能源進口值占總進口值比例,8.8811,%
2020,3,2020Q3,民國109年第3季,集中度指標,發電能源種類集中度,59.7745,%
2020,3,2020Q3,民國109年第3季,集中度指標,能源供應種類集中度,53.9995,%
2020,3,2020Q3,民國109年第3季,集中度指標,進口原油來源集中度,44.86245151537875,%
2020,4,2020Q4,民國109年第4季,人均指標,平均每人用電量,2911.687,度
2020,4,2020Q4,民國109年第4季,人均指標,平均每人能源消費量,839.59,公斤油當量
2020,4,2020Q4,民國109年第4季,人均指標,平均每人負擔能源進口值,8398.946597,元
2020,4,2020Q4,民國109年第4季,依存度指標,進口石油依存度,99.0876,%
2020,4,2020Q4,民國109年第4季,依存度指標,進口能源依存度,96.9404,%
2020,4,2020Q4,民國109年第4季,密集度指標,初級能源密集度,4.902,公斤油當量/千元
2020,4,2020Q4,民國109年第4季,密集度指標,工業部門能源消費密集度,3.035,公斤油當量/千元
2020,4,2020Q4,民國109年第4季,密集度指標,服務業部門能源消費密集度,0.416,公斤油當量/千元
2020,4,2020Q4,民國109年第4季,密集度指標,能源消費密集度,3.593,公斤油當量/千元
2020,4,2020Q4,民國109年第4季,密集度指標,能源生產力,278.285289,元/公斤油當量
2020,4,2020Q4,民國109年第4季,密集度指標,電力密集度,12.461979,度/千元
2020,4,2020Q4,民國109年第4季,彈性值指標,國內能源消費彈性值,1.204399,
2020,4,2020Q4,民國109年第4季,彈性值指標,電力消費彈性值,0.578368,
2020,4,2020Q4,民國109年第4季,能源進口指標,能源進口值占總進口值比例,8.6715,%
2020,4,2020Q4,民國109年第4季,集中度指標,發電能源種類集中度,57.4914,%
2020,4,2020Q4,民國109年第4季,集中度指標,能源供應種類集中度,53.0673,%
2020,4,2020Q4,民國109年第4季,集中度指標,進口原油來源集中度,45.32474396614963,%
2021,1,2021Q1,民國110年第1季,人均指標,平均每人用電量,2707.828,度
2021,1,2021Q1,民國110年第1季,人均指標,平均每人能源消費量,832.958,公斤油當量
2021,1,2021Q1,民國110年第1季,人均指標,平均每人負擔能源進口值,10684.897533,元
2021,1,2021Q1,民國110年第1季,依存度指標,進口石油依存度,99.0788,%
2021,1,2021Q1,民國110年第1季,依存度指標,進口能源依存度,97.1976,%
2021,1,2021Q1,民國110年第1季,密集度指標,初級能源密集度,4.941,公斤油當量/千元
2021,1,2021Q1,民國110年第1季,密集度指標,工業部門能源消費密集度,3.046,公斤油當量/千元
2021,1,2021Q1,民國110年第1季,密集度指標,服務業部門能源消費密集度,0.388,公斤油當量/千元
2021,1,2021Q1,民國110年第1季,密集度指標,能源消費密集度,3.717,公斤油當量/千元
2021,1,2021Q1,民國110年第1季,密集度指標,能源生產力,268.973591,元/公斤油當量
2021,1,2021Q1,民國110年第1季,密集度指標,電力密集度,12.086147,度/千元
2021,1,2021Q1,民國110年第1季,彈性值指標,國內能源消費彈性值,0.90079,
2021,1,2021Q1,民國110年第1季,彈性值指標,電力消費彈性值,0.40419,
2021,1,2021Q1,民國110年第1季,能源進口指標,能源進口值占總進口值比例,10.6777,%
2021,1,2021Q1,民國110年第1季,集中度指標,發電能源種類集中度,56.8737,%
2021,1,2021Q1,民國110年第1季,集中度指標,能源供應種類集中度,53.362,%
2021,1,2021Q1,民國110年第1季,集中度指標,進口原油來源集中度,44.1600489851149,%
2021,2,2021Q2,民國110年第2季,人均指標,平均每人用電量,2953.694,度
2021,2,2021Q2,民國110年第2季,人均指標,平均每人能源消費量,833.341,公斤油當量
2021,2,2021Q2,民國110年第2季,人均指標,平均每人負擔能源進口值,12334.940037,元
2021,2,2021Q2,民國110年第2季,依存度指標,進口石油依存度,99.0871,%
2021,2,2021Q2,民國110年第2季,依存度指標,進口能源依存度,97.2414,%
2021,2,2021Q2,民國110年第2季,密集度指標,初級能源密集度,5.387,公斤油當量/千元
2021,2,2021Q2,民國110年第2季,密集度指標,工業部門能源消費密集度,3.022,公斤油當量/千元
2021,2,2021Q2,民國110年第2季,密集度指標,服務業部門能源消費密集度,0.425,公斤油當量/千元
2021,2,2021Q2,民國110年第2季,密集度指標,能源消費密集度,3.728,公斤油當量/千元
2021,2,2021Q2,民國110年第2季,密集度指標,能源生產力,268.213165,元/公斤油當量
2021,2,2021Q2,民國110年第2季,密集度指標,電力密集度,13.214855,度/千元
2021,2,2021Q2,民國110年第2季,彈性值指標,國內能源消費彈性值,0.612348,
2021,2,2021Q2,民國110年第2季,彈性值指標,電力消費彈性值,0.779627,
2021,2,2021Q2,民國110年第2季,能源進口指標,能源進口值占總進口值比例,11.2286,%
2021,2,2021Q2,民國110年第2季,集中度指標,發電能源種類集中度,59.303,%
2021,2,2021Q2,民國110年第2季,集中度指標,能源供應種類集中度,54.3233,%
2021,2,2021Q2,民國110年第2季,集中度指標,進口原油來源集中度,43.58410485066273,%
2021,3,2021Q3,民國110年第3季,人均指標,平均每人用電量,3287.609,度
2021,3,2021Q3,民國110年第3季,人均指標,平均每人能源消費量,863.414,公斤油當量
2021,3,2021Q3,民國110年第3季,人均指標,平均每人負擔能源進口值,15997.525359,元
2021,3,2021Q3,民國110年第3季,依存度指標,進口石油依存度,99.2004,%
2021,3,2021Q3,民國110年第3季,依存度指標,進口能源依存度,97.2408,%
2021,3,2021Q3,民國110年第3季,密集度指標,初級能源密集度,5.324,公斤油當量/千元
2021,3,2021Q3,民國110年第3季,密集度指標,工業部門能源消費密集度,2.844,公斤油當量/千元
2021,3,2021Q3,民國110年第3季,密集度指標,服務業部門能源消費密集度,0.454,公斤油當量/千元
2021,3,2021Q3,民國110年第3季,密集度指標,能源消費密集度,3.711,公斤油當量/千元
2021,3,2021Q3,民國110年第3季,密集度指標,能源生產力,269.462428,元/公斤油當量
2021,3,2021Q3,民國110年第3季,密集度指標,電力密集度,14.130666,度/千元
2021,3,2021Q3,民國110年第3季,彈性值指標,國內能源消費彈性值,1.511256,
2021,3,2021Q3,民國110年第3季,彈性值指標,電力消費彈性值,0.331989,
2021,3,2021Q3,民國110年第3季,能源進口指標,能源進口值占總進口值比例,13.2758,%
2021,3,2021Q3,民國110年第3季,集中度指標,發電能源種類集中度,60.2171,%
2021,3,2021Q3,民國110年第3季,集中度指標,能源供應種類集中度,55.3571,%
2021,3,2021Q3,民國110年第3季,集中度指標,進口原油來源集中度,44.13734500475347,%
2021,4,2021Q4,民國110年第4季,人均指標,平均每人用電量,3113.743,度
2021,4,2021Q4,民國110年第4季,人均指標,平均每人能源消費量,854.159,公斤油當量
2021,4,2021Q4,民國110年第4季,人均指標,平均每人負擔能源進口值,18036.561396,元
2021,4,2021Q4,民國110年第4季,依存度指標,進口石油依存度,99.2354,%
2021,4,2021Q4,民國110年第4季,依存度指標,進口能源依存度,96.957,%
2021,4,2021Q4,民國110年第4季,密集度指標,初級能源密集度,4.675,公斤油當量/千元
2021,4,2021Q4,民國110年第4季,密集度指標,工業部門能源消費密集度,2.861,公斤油當量/千元
2021,4,2021Q4,民國110年第4季,密集度指標,服務業部門能源消費密集度,0.4,公斤油當量/千元
2021,4,2021Q4,民國110年第4季,密集度指標,能源消費密集度,3.454,公斤油當量/千元
2021,4,2021Q4,民國110年第4季,密集度指標,能源生產力,289.470967,元/公斤油當量
2021,4,2021Q4,民國110年第4季,密集度指標,電力密集度,12.593279,度/千元
2021,4,2021Q4,民國110年第4季,彈性值指標,國內能源消費彈性值,0.203436,
2021,4,2021Q4,民國110年第4季,彈性值指標,電力消費彈性值,1.217185,
2021,4,2021Q4,民國110年第4季,能源進口指標,能源進口值占總進口值比例,14.4549,%
2021,4,2021Q4,民國110年第4季,集中度指標,發電能源種類集中度,58.6517,%
2021,4,2021Q4,民國110年第4季,集中度指標,能源供應種類集中度,54.3754,%
2021,4,2021Q4,民國110年第4季,集中度指標,進口原油來源集中度,48.3656729581291,%
2022,1,2022Q1,民國111年第1季,人均指標,平均每人用電量,2780.995,度
2022,1,2022Q1,民國111年第1季,人均指標,平均每人能源消費量,801.744,公斤油當量
2022,1,2022Q1,民國111年第1季,人均指標,平均每人負擔能源進口值,18936.725497,元
2022,1,2022Q1,民國111年第1季,依存度指標,進口石油依存度,99.1832,%
2022,1,2022Q1,民國111年第1季,依存度指標,進口能源依存度,96.71,%
2022,1,2022Q1,民國111年第1季,密集度指標,初級能源密集度,4.663,公斤油當量/千元
2022,1,2022Q1,民國111年第1季,密集度指標,工業部門能源消費密集度,2.776,公斤油當量/千元
2022,1,2022Q1,民國111年第1季,密集度指標,服務業部門能源消費密集度,0.387,公斤油當量/千元
2022,1,2022Q1,民國111年第1季,密集度指標,能源消費密集度,3.413,公斤油當量/千元
2022,1,2022Q1,民國111年第1季,密集度指標,能源生產力,292.952251,元/公斤油當量
2022,1,2022Q1,民國111年第1季,密集度指標,電力密集度,11.840434,度/千元
2022,1,2022Q1,民國111年第1季,彈性值指標,國內能源消費彈性值,-1.208965,
2022,1,2022Q1,民國111年第1季,彈性值指標,電力消費彈性值,0.451351,
2022,1,2022Q1,民國111年第1季,能源進口指標,能源進口值占總進口值比例,15.0852,%
2022,1,2022Q1,民國111年第1季,集中度指標,發電能源種類集中度,57.7228,%
2022,1,2022Q1,民國111年第1季,集中度指標,能源供應種類集中度,54.7385,%
2022,1,2022Q1,民國111年第1季,集中度指標,進口原油來源集中度,47.17436560551738,%
2022,2,2022Q2,民國111年第2季,人均指標,平均每人用電量,2911.985,度
2022,2,2022Q2,民國111年第2季,人均指標,平均每人能源消費量,822.926,公斤油當量
2022,2,2022Q2,民國111年第2季,人均指標,平均每人負擔能源進口值,25607.144626,元
2022,2,2022Q2,民國111年第2季,依存度指標,進口石油依存度,99.1894,%
2022,2,2022Q2,民國111年第2季,依存度指標,進口能源依存度,96.6806,%
2022,2,2022Q2,民國111年第2季,密集度指標,初級能源密集度,5.081,公斤油當量/千元
2022,2,2022Q2,民國111年第2季,密集度指標,工業部門能源消費密集度,2.823,公斤油當量/千元
2022,2,2022Q2,民國111年第2季,密集度指標,服務業部門能源消費密集度,0.412,公斤油當量/千元
2022,2,2022Q2,民國111年第2季,密集度指標,能源消費密集度,3.514,公斤油當量/千元
2022,2,2022Q2,民國111年第2季,密集度指標,能源生產力,284.525848,元/公斤油當量
2022,2,2022Q2,民國111年第2季,密集度指標,電力密集度,12.436735,度/千元
2022,2,2022Q2,民國111年第2季,彈性值指標,國內能源消費彈性值,-0.689305,
2022,2,2022Q2,民國111年第2季,彈性值指標,電力消費彈性值,-0.734963,
2022,2,2022Q2,民國111年第2季,能源進口指標,能源進口值占總進口值比例,18.0442,%
2022,2,2022Q2,民國111年第2季,集中度指標,發電能源種類集中度,57.8983,%
2022,2,2022Q2,民國111年第2季,集中度指標,能源供應種類集中度,54.5389,%
2022,2,2022Q2,民國111年第2季,集中度指標,進口原油來源集中度,47.30276904503166,%
2022,3,2022Q3,民國111年第3季,人均指標,平均每人用電量,3328.775,度
2022,3,2022Q3,民國111年第3季,人均指標,平均每人能源消費量,816.506,公斤油當量
2022,3,2022Q3,民國111年第3季,人均指標,平均每人負擔能源進口值,29659.388494,元
2022,3,2022Q3,民國111年第3季,依存度指標,進口石油依存度,99.1998,%
2022,3,2022Q3,民國111年第3季,依存度指標,進口能源依存度,96.8196,%
2022,3,2022Q3,民國111年第3季,密集度指標,初級能源密集度,4.895,公斤油當量/千元
2022,3,2022Q3,民國111年第3季,密集度指標,工業部門能源消費密集度,2.565,公斤油當量/千元
2022,3,2022Q3,民國111年第3季,密集度指標,服務業部門能源消費密集度,0.478,公斤油當量/千元
2022,3,2022Q3,民國111年第3季,密集度指標,能源消費密集度,3.334,公斤油當量/千元
2022,3,2022Q3,民國111年第3季,密集度指標,能源生產力,299.926965,元/公斤油當量
2022,3,2022Q3,民國111年第3季,密集度指標,電力密集度,13.592813,度/千元
2022,3,2022Q3,民國111年第3季,彈性值指標,國內能源消費彈性值,-1.603117,
2022,3,2022Q3,民國111年第3季,彈性值指標,電力消費彈性值,0.024529,
2022,3,2022Q3,民國111年第3季,能源進口指標,能源進口值占總進口值比例,21.3726,%
2022,3,2022Q3,民國111年第3季,集中度指標,發電能源種類集中度,58.8299,%
2022,3,2022Q3,民國111年第3季,集中度指標,能源供應種類集中度,55.0542,%
2022,3,2022Q3,民國111年第3季,集中度指標,進口原油來源集中度,46.38433147502963,%
2022,4,2022Q4,民國111年第4季,人均指標,平均每人用電量,2984.301,度
2022,4,2022Q4,民國111年第4季,人均指標,平均每人能源消費量,778.142,公斤油當量
2022,4,2022Q4,民國111年第4季,人均指標,平均每人負擔能源進口值,23769.874857,元
2022,4,2022Q4,民國111年第4季,依存度指標,進口石油依存度,99.1483,%
2022,4,2022Q4,民國111年第4季,依存度指標,進口能源依存度,96.2897,%
2022,4,2022Q4,民國111年第4季,密集度指標,初級能源密集度,4.386,公斤油當量/千元
2022,4,2022Q4,民國111年第4季,密集度指標,工業部門能源消費密集度,2.732,公斤油當量/千元
2022,4,2022Q4,民國111年第4季,密集度指標,服務業部門能源消費密集度,0.408,公斤油當量/千元
2022,4,2022Q4,民國111年第4季,密集度指標,能源消費密集度,3.137,公斤油當量/千元
2022,4,2022Q4,民國111年第4季,密集度指標,能源生產力,318.722174,元/公斤油當量
2022,4,2022Q4,民國111年第4季,密集度指標,電力密集度,12.032933,度/千元
2022,4,2022Q4,民國111年第4季,彈性值指標,國內能源消費彈性值,22.246686,
2022,4,2022Q4,民國111年第4季,彈性值指標,電力消費彈性值,11.30086,
2022,4,2022Q4,民國111年第4季,能源進口指標,能源進口值占總進口值比例,17.7023,%
2022,4,2022Q4,民國111年第4季,集中度指標,發電能源種類集中度,57.7511,%
2022,4,2022Q4,民國111年第4季,集中度指標,能源供應種類集中度,53.9525,%
2022,4,2022Q4,民國111年第4季,集中度指標,進口原油來源集中度,46.49548638999099,%
2023,1,2023Q1,民國112年第1季,人均指標,平均每人用電量,2702.995,度
2023,1,2023Q1,民國112年第1季,人均指標,平均每人能源消費量,748.635,公斤油當量
2023,1,2023Q1,民國112年第1季,人均指標,平均每人負擔能源進口值,20113.605774,元
2023,1,2023Q1,民國112年第1季,依存度指標,進口石油依存度,99.1694,%
2023,1,2023Q1,民國112年第1季,依存度指標,進口能源依存度,96.3539,%
2023,1,2023Q1,民國112年第1季,密集度指標,初級能源密集度,4.5,公斤油當量/千元
2023,1,2023Q1,民國112年第1季,密集度指標,工業部門能源消費密集度,2.895,公斤油當量/千元
2023,1,2023Q1,民國112年第1季,密集度指標,服務業部門能源消費密集度,0.381,公斤油當量/千元
2023,1,2023Q1,民國112年第1季,密集度指標,能源消費密集度,3.302,公斤油當量/千元
2023,1,2023Q1,民國112年第1季,密集度指標,能源生產力,302.793142,元/公斤油當量
2023,1,2023Q1,民國112年第1季,密集度指標,電力密集度,11.92419,度/千元
2023,1,2023Q1,民國112年第1季,彈性值指標,國內能源消費彈性值,1.874281,
2023,1,2023Q1,民國112年第1季,彈性值指標,電力消費彈性值,0.80972,
2023,1,2023Q1,民國112年第1季,能源進口指標,能源進口值占總進口值比例,17.1158,%
2023,1,2023Q1,民國112年第1季,集中度指標,發電能源種類集中度,56.7487,%
2023,1,2023Q1,民國112年第1季,集中度指標,能源供應種類集中度,54.3827,%
2023,1,2023Q1,民國112年第1季,集中度指標,進口原油來源集中度,45.18274372886547,%
2023,2,2023Q2,民國112年第2季,人均指標,平均每人用電量,2836.602,度
2023,2,2023Q2,民國112年第2季,人均指標,平均每人能源消費量,752.271,公斤油當量
2023,2,2023Q2,民國112年第2季,人均指標,平均每人負擔能源進口值,18612.424855,元
2023,2,2023Q2,民國112年第2季,依存度指標,進口石油依存度,99.2368,%
2023,2,2023Q2,民國112年第2季,依存度指標,進口能源依存度,96.4675,%
2023,2,2023Q2,民國112年第2季,密集度指標,初級能源密集度,4.683,公斤油當量/千元
2023,2,2023Q2,民國112年第2季,密集度指標,工業部門能源消費密集度,2.831,公斤油當量/千元
2023,2,2023Q2,民國112年第2季,密集度指標,服務業部門能源消費密集度,0.409,公斤油當量/千元
2023,2,2023Q2,民國112年第2季,密集度指標,能源消費密集度,3.184,公斤油當量/千元
2023,2,2023Q2,民國112年第2季,密集度指標,能源生產力,313.977118,元/公斤油當量
2023,2,2023Q2,民國112年第2季,密集度指標,電力密集度,12.00953,度/千元
2023,2,2023Q2,民國112年第2季,彈性值指標,國內能源消費彈性值,-5.693449,
2023,2,2023Q2,民國112年第2季,彈性值指標,電力消費彈性值,-1.451206,
2023,2,2023Q2,民國112年第2季,能源進口指標,能源進口值占總進口值比例,16.4049,%
2023,2,2023Q2,民國112年第2季,集中度指標,發電能源種類集中度,60.5336,%
2023,2,2023Q2,民國112年第2季,集中度指標,能源供應種類集中度,56.3122,%
2023,2,2023Q2,民國112年第2季,集中度指標,進口原油來源集中度,48.31619830475404,%
2023,3,2023Q3,民國112年第3季,人均指標,平均每人用電量,3274.613,度
2023,3,2023Q3,民國112年第3季,人均指標,平均每人能源消費量,785.135,公斤油當量
2023,3,2023Q3,民國112年第3季,人均指標,平均每人負擔能源進口值,18420.775185,元
2023,3,2023Q3,民國112年第3季,依存度指標,進口石油依存度,99.2053,%
2023,3,2023Q3,民國112年第3季,依存度指標,進口能源依存度,96.126,%
2023,3,2023Q3,民國112年第3季,密集度指標,初級能源密集度,4.626,公斤油當量/千元
2023,3,2023Q3,民國112年第3季,密集度指標,工業部門能源消費密集度,2.672,公斤油當量/千元
2023,3,2023Q3,民國112年第3季,密集度指標,服務業部門能源消費密集度,0.463,公斤油當量/千元
2023,3,2023Q3,民國112年第3季,密集度指標,能源消費密集度,3.183,公斤油當量/千元
2023,3,2023Q3,民國112年第3季,密集度指標,能源生產力,314.116857,元/公斤油當量
2023,3,2023Q3,民國112年第3季,密集度指標,電力密集度,13.277747,度/千元
2023,3,2023Q3,民國112年第3季,彈性值指標,國內能源消費彈性值,-1.939454,
2023,3,2023Q3,民國112年第3季,彈性值指標,電力消費彈性值,-0.508264,
2023,3,2023Q3,民國112年第3季,能源進口指標,能源進口值占總進口值比例,15.7714,%
2023,3,2023Q3,民國112年第3季,集中度指標,發電能源種類集中度,59.2198,%
2023,3,2023Q3,民國112年第3季,集中度指標,能源供應種類集中度,55.1643,%
2023,3,2023Q3,民國112年第3季,集中度指標,進口原油來源集中度,45.93652217167518,%
2023,4,2023Q4,民國112年第4季,人均指標,平均每人用電量,2989.233,度
2023,4,2023Q4,民國112年第4季,人均指標,平均每人能源消費量,743.425,公斤油當量
2023,4,2023Q4,民國112年第4季,人均指標,平均每人負擔能源進口值,17096.641873,元
2023,4,2023Q4,民國112年第4季,依存度指標,進口石油依存度,99.0316,%
2023,4,2023Q4,民國112年第4季,依存度指標,進口能源依存度,95.6669,%
2023,4,2023Q4,民國112年第4季,密集度指標,初級能源密集度,3.971,公斤油當量/千元
2023,4,2023Q4,民國112年第4季,密集度指標,工業部門能源消費密集度,2.712,公斤油當量/千元
2023,4,2023Q4,民國112年第4季,密集度指標,服務業部門能源消費密集度,0.393,公斤油當量/千元
2023,4,2023Q4,民國112年第4季,密集度指標,能源消費密集度,2.884,公斤油當量/千元
2023,4,2023Q4,民國112年第4季,密集度指標,能源生產力,346.709158,元/公斤油當量
2023,4,2023Q4,民國112年第4季,密集度指標,電力密集度,11.597302,度/千元
2023,4,2023Q4,民國112年第4季,彈性值指標,國內能源消費彈性值,-0.784649,
2023,4,2023Q4,民國112年第4季,彈性值指標,電力消費彈性值,0.199582,
2023,4,2023Q4,民國112年第4季,能源進口指標,能源進口值占總進口值比例,14.1036,%
2023,4,2023Q4,民國112年第4季,集中度指標,發電能源種類集中度,57.5684,%
2023,4,2023Q4,民國112年第4季,集中度指標,能源供應種類集中度,53.8761,%
2023,4,2023Q4,民國112年第4季,集中度指標,進口原油來源集中度,48.1851228867651,%
2024,1,2024Q1,民國113年第1季,人均指標,平均每人用電量,2722.745,度
2024,1,2024Q1,民國113年第1季,人均指標,平均每人能源消費量,700.27,公斤油當量
2024,1,2024Q1,民國113年第1季,人均指標,平均每人負擔能源進口值,16866.516839,元
2024,1,2024Q1,民國113年第1季,依存度指標,進口石油依存度,99.0366,%
2024,1,2024Q1,民國113年第1季,依存度指標,進口能源依存度,95.2966,%
2024,1,2024Q1,民國113年第1季,密集度指標,初級能源密集度,3.95,公斤油當量/千元
2024,1,2024Q1,民國113年第1季,密集度指標,工業部門能源消費密集度,2.677,公斤油當量/千元
2024,1,2024Q1,民國113年第1季,密集度指標,服務業部門能源消費密集度,0.363,公斤油當量/千元
2024,1,2024Q1,民國113年第1季,密集度指標,能源消費密集度,2.897,公斤油當量/千元
2024,1,2024Q1,民國113年第1季,密集度指標,能源生產力,345.110884,元/公斤油當量
2024,1,2024Q1,民國113年第1季,密集度指標,電力密集度,11.26633,度/千元
2024,1,2024Q1,民國113年第1季,彈性值指標,國內能源消費彈性值,-0.835246,
2024,1,2024Q1,民國113年第1季,彈性值指標,電力消費彈性值,0.174278,
2024,1,2024Q1,民國113年第1季,能源進口指標,能源進口值占總進口值比例,13.8167,%
2024,1,2024Q1,民國113年第1季,集中度指標,發電能源種類集中度,57.0675,%
2024,1,2024Q1,民國113年第1季,集中度指標,能源供應種類集中度,54.6022,%
2024,1,2024Q1,民國113年第1季,集中度指標,進口原油來源集中度,47.33007835102437,%
2024,2,2024Q2,民國113年第2季,人均指標,平均每人用電量,2986.329,度
2024,2,2024Q2,民國113年第2季,人均指標,平均每人能源消費量,757.091,公斤油當量
2024,2,2024Q2,民國113年第2季,人均指標,平均每人負擔能源進口值,19319.933971,元
2024,2,2024Q2,民國113年第2季,依存度指標,進口石油依存度,99.1114,%
2024,2,2024Q2,民國113年第2季,依存度指標,進口能源依存度,95.7784,%
2024,2,2024Q2,民國113年第2季,密集度指標,初級能源密集度,4.27,公斤油當量/千元
2024,2,2024Q2,民國113年第2季,密集度指標,工業部門能源消費密集度,2.589,公斤油當量/千元
2024,2,2024Q2,民國113年第2季,密集度指標,服務業部門能源消費密集度,0.414,公斤油當量/千元
2024,2,2024Q2,民國113年第2季,密集度指標,能源消費密集度,3.051,公斤油當量/千元
2024,2,2024Q2,民國113年第2季,密集度指標,能源生產力,327.756785,元/公斤油當量
2024,2,2024Q2,民國113年第2季,密集度指標,電力密集度,12.034768,度/千元
2024,2,2024Q2,民國113年第2季,彈性值指標,國內能源消費彈性值,0.169803,
2024,2,2024Q2,民國113年第2季,彈性值指標,電力消費彈性值,1.041485,
2024,2,2024Q2,民國113年第2季,能源進口指標,能源進口值占總進口值比例,14.4524,%
2024,2,2024Q2,民國113年第2季,集中度指標,發電能源種類集中度,58.113,%
2024,2,2024Q2,民國113年第2季,集中度指標,能源供應種類集中度,54.8697,%
2024,2,2024Q2,民國113年第2季,集中度指標,進口原油來源集中度,48.74156314102366,%
2024,3,2024Q3,民國113年第3季,人均指標,平均每人用電量,3391.672,度
2024,3,2024Q3,民國113年第3季,人均指標,平均每人能源消費量,776.148,公斤油當量
2024,3,2024Q3,民國113年第3季,人均指標,平均每人負擔能源進口值,18562.975864,元
2024,3,2024Q3,民國113年第3季,依存度指標,進口石油依存度,99.0667,%
2024,3,2024Q3,民國113年第3季,依存度指標,進口能源依存度,95.2937,%
2024,3,2024Q3,民國113年第3季,密集度指標,初級能源密集度,4.185,公斤油當量/千元
2024,3,2024Q3,民國113年第3季,密集度指標,工業部門能源消費密集度,2.43,公斤油當量/千元
2024,3,2024Q3,民國113年第3季,密集度指標,服務業部門能源消費密集度,0.463,公斤油當量/千元
2024,3,2024Q3,民國113年第3季,密集度指標,能源消費密集度,3.009,公斤油當量/千元
2024,3,2024Q3,民國113年第3季,密集度指標,能源生產力,332.27175,元/公斤油當量
2024,3,2024Q3,民國113年第3季,密集度指標,電力密集度,13.151517,度/千元
2024,3,2024Q3,民國113年第3季,彈性值指標,國內能源消費彈性值,-0.227893,
2024,3,2024Q3,民國113年第3季,彈性值指標,電力消費彈性值,0.786343,
2024,3,2024Q3,民國113年第3季,能源進口指標,能源進口值占總進口值比例,13.295,%
2024,3,2024Q3,民國113年第3季,集中度指標,發電能源種類集中度,59.5224,%
2024,3,2024Q3,民國113年第3季,集中度指標,能源供應種類集中度,54.7292,%
2024,3,2024Q3,民國113年第3季,集中度指標,進口原油來源集中度,45.31330217193244,%
2024,4,2024Q4,民國113年第4季,人均指標,平均每人用電量,3024.123,度
2024,4,2024Q4,民國113年第4季,人均指標,平均每人能源消費量,739.059,公斤油當量
2024,4,2024Q4,民國113年第4季,人均指標,平均每人負擔能源進口值,15798.930331,元
2024,4,2024Q4,民國113年第4季,依存度指標,進口石油依存度,98.8588,%
2024,4,2024Q4,民國113年第4季,依存度指標,進口能源依存度,94.1768,%
2024,4,2024Q4,民國113年第4季,密集度指標,初級能源密集度,3.662,公斤油當量/千元
2024,4,2024Q4,民國113年第4季,密集度指標,工業部門能源消費密集度,2.469,公斤油當量/千元
2024,4,2024Q4,民國113年第4季,密集度指標,服務業部門能源消費密集度,0.38,公斤油當量/千元
2024,4,2024Q4,民國113年第4季,密集度指標,能源消費密集度,2.752,公斤油當量/千元
2024,4,2024Q4,民國113年第4季,密集度指標,能源生產力,363.326336,元/公斤油當量
2024,4,2024Q4,民國113年第4季,密集度指標,電力密集度,11.262191,度/千元
2024,4,2024Q4,民國113年第4季,彈性值指標,國內能源消費彈性值,-0.15261,
2024,4,2024Q4,民國113年第4季,彈性值指標,電力消費彈性值,0.271798,
2024,4,2024Q4,民國113年第4季,能源進口指標,能源進口值占總進口值比例,10.1596,%
2024,4,2024Q4,民國113年第4季,集中度指標,發電能源種類集中度,58.7632,%
2024,4,2024Q4,民國113年第4季,集中度指標,能源供應種類集中度,54.5347,%
2024,4,2024Q4,民國113年第4季,集中度指標,進口原油來源集中度,47.31756737229949,%
2025,1,2025Q1,民國114年第1季,人均指標,平均每人用電量,2680.46,度
2025,1,2025Q1,民國114年第1季,人均指標,平均每人能源消費量,716.706,公斤油當量
2025,1,2025Q1,民國114年第1季,人均指標,平均每人負擔能源進口值,16758.045646,元
2025,1,2025Q1,民國114年第1季,依存度指標,進口石油依存度,99.0378,%
2025,1,2025Q1,民國114年第1季,依存度指標,進口能源依存度,94.3016,%
2025,1,2025Q1,民國114年第1季,密集度指標,初級能源密集度,3.745,公斤油當量/千元
2025,1,2025Q1,民國114年第1季,密集度指標,工業部門能源消費密集度,2.429,公斤油當量/千元
2025,1,2025Q1,民國114年第1季,密集度指標,服務業部門能源消費密集度,0.347,公斤油當量/千元
2025,1,2025Q1,民國114年第1季,密集度指標,能源消費密集度,2.806,公斤油當量/千元
2025,1,2025Q1,民國114年第1季,密集度指標,能源生產力,356.335209,元/公斤油當量
2025,1,2025Q1,民國114年第1季,密集度指標,電力密集度,10.495649,度/千元
2025,1,2025Q1,民國114年第1季,彈性值指標,國內能源消費彈性值,0.399533,
2025,1,2025Q1,民國114年第1季,彈性值指標,電力消費彈性值,-0.304017,
2025,1,2025Q1,民國114年第1季,能源進口指標,能源進口值占總進口值比例,11.2934,%
2025,1,2025Q1,民國114年第1季,集中度指標,發電能源種類集中度,57.5707,%
2025,1,2025Q1,民國114年第1季,集中度指標,能源供應種類集中度,55.7142,%
2025,1,2025Q1,民國114年第1季,集中度指標,進口原油來源集中度,46.1966523042727,%
2025,2,2025Q2,民國114年第2季,人均指標,平均每人用電量,2959.05,度
2025,2,2025Q2,民國114年第2季,人均指標,平均每人能源消費量,749.401,公斤油當量
2025,2,2025Q2,民國114年第2季,人均指標,平均每人負擔能源進口值,15762.03534,元
2025,2,2025Q2,民國114年第2季,依存度指標,進口石油依存度,99.154,%
2025,2,2025Q2,民國114年第2季,依存度指標,進口能源依存度,95.0841,%
2025,2,2025Q2,民國114年第2季,密集度指標,初級能源密集度,3.847,公斤油當量/千元
2025,2,2025Q2,民國114年第2季,密集度指標,工業部門能源消費密集度,2.217,公斤油當量/千元
2025,2,2025Q2,民國114年第2季,密集度指標,服務業部門能源消費密集度,0.405,公斤油當量/千元
2025,2,2025Q2,民國114年第2季,密集度指標,能源消費密集度,2.797,公斤油當量/千元
2025,2,2025Q2,民國114年第2季,密集度指標,能源生產力,357.456614,元/公斤油當量
2025,2,2025Q2,民國114年第2季,密集度指標,電力密集度,11.046237,度/千元
2025,2,2025Q2,民國114年第2季,彈性值指標,國內能源消費彈性值,-0.161395,
2025,2,2025Q2,民國114年第2季,彈性值指標,電力消費彈性值,-0.148157,
2025,2,2025Q2,民國114年第2季,能源進口指標,能源進口值占總進口值比例,9.4301,%
2025,2,2025Q2,民國114年第2季,集中度指標,發電能源種類集中度,59.9157,%
2025,2,2025Q2,民國114年第2季,集中度指標,能源供應種類集中度,55.4018,%
2025,2,2025Q2,民國114年第2季,集中度指標,進口原油來源集中度,44.87521764703124,%
2025,3,2025Q3,民國114年第3季,人均指標,平均每人用電量,3337.162,度
2025,3,2025Q3,民國114年第3季,人均指標,平均每人能源消費量,786.526,公斤油當量
2025,3,2025Q3,民國114年第3季,人均指標,平均每人負擔能源進口值,15066.089104,元
2025,3,2025Q3,民國114年第3季,依存度指標,進口石油依存度,98.9183,%
2025,3,2025Q3,民國114年第3季,依存度指標,進口能源依存度,95.0494,%
2025,3,2025Q3,民國114年第3季,密集度指標,初級能源密集度,3.854,公斤油當量/千元
2025,3,2025Q3,民國114年第3季,密集度指標,工業部門能源消費密集度,2.156,公斤油當量/千元
2025,3,2025Q3,民國114年第3季,密集度指標,服務業部門能源消費密集度,0.448,公斤油當量/千元
2025,3,2025Q3,民國114年第3季,密集度指標,能源消費密集度,2.803,公斤油當量/千元
2025,3,2025Q3,民國114年第3季,密集度指標,能源生產力,356.651697,元/公斤油當量
2025,3,2025Q3,民國114年第3季,密集度指標,電力密集度,11.89651,度/千元
2025,3,2025Q3,民國114年第3季,彈性值指標,國內能源消費彈性值,0.119455,
2025,3,2025Q3,民國114年第3季,彈性值指標,電力消費彈性值,-0.229228,
2025,3,2025Q3,民國114年第3季,能源進口指標,能源進口值占總進口值比例,9.3292,%
2025,3,2025Q3,民國114年第3季,集中度指標,發電能源種類集中度,61.9983,%
2025,3,2025Q3,民國114年第3季,集中度指標,能源供應種類集中度,56.0119,%
2025,3,2025Q3,民國114年第3季,集中度指標,進口原油來源集中度,45.40223909177064,%
2025,4,2025Q4,民國114年第4季,人均指標,平均每人用電量,3137.023,度
2025,4,2025Q4,民國114年第4季,人均指標,平均每人能源消費量,739.141,公斤油當量
2025,4,2025Q4,民國114年第4季,人均指標,平均每人負擔能源進口值,14118.550852,元
2025,4,2025Q4,民國114年第4季,依存度指標,進口石油依存度,98.9951,%
2025,4,2025Q4,民國114年第4季,依存度指標,進口能源依存度,94.2825,%
2025,4,2025Q4,民國114年第4季,密集度指標,初級能源密集度,3.205,公斤油當量/千元
2025,4,2025Q4,民國114年第4季,密集度指標,工業部門能源消費密集度,1.988,公斤油當量/千元
2025,4,2025Q4,民國114年第4季,密集度指標,服務業部門能源消費密集度,0.376,公斤油當量/千元
2025,4,2025Q4,民國114年第4季,密集度指標,能源消費密集度,2.433,公斤油當量/千元
2025,4,2025Q4,民國114年第4季,密集度指標,能源生產力,410.89854,元/公斤油當量
2025,4,2025Q4,民國114年第4季,密集度指標,電力密集度,10.328935,度/千元
2025,4,2025Q4,民國114年第4季,彈性值指標,國內能源消費彈性值,-0.030922,
2025,4,2025Q4,民國114年第4季,彈性值指標,電力消費彈性值,0.262127,
2025,4,2025Q4,民國114年第4季,能源進口指標,能源進口值占總進口值比例,8.2532,%
2025,4,2025Q4,民國114年第4季,集中度指標,發電能源種類集中度,60.6464,%
2025,4,2025Q4,民國114年第4季,集中度指標,能源供應種類集中度,55.3463,%
2025,4,2025Q4,民國114年第4季,集中度指標,進口原油來源集中度,47.14975418276135,%
