西元年,月,民國年月,園區別,子園區,負載_萬KW
2016,1,10501,中部科學園區,中興園區,0.03
2016,1,10501,中部科學園區,二林園區,0.04
2016,1,10501,中部科學園區,台中園區,59.77
2016,1,10501,中部科學園區,后里園區,15.38
2016,1,10501,中部科學園區,虎尾園區,1.58
2016,1,10501,南部科學園區,臺南園區,114.88
2016,1,10501,南部科學園區,高雄園區,11.8
2016,1,10501,新竹科學園區,宜蘭園區,0.01
2016,1,10501,新竹科學園區,新竹園區,120.76
2016,1,10501,新竹科學園區,新竹生醫園區,0.24
2016,1,10501,新竹科學園區,竹南園區,19.1
2016,1,10501,新竹科學園區,銅鑼園區,0.97
2016,1,10501,新竹科學園區,龍潭園區,11.51
2016,2,10502,中部科學園區,中興園區,0.02
2016,2,10502,中部科學園區,二林園區,0.03
2016,2,10502,中部科學園區,台中園區,60.47
2016,2,10502,中部科學園區,后里園區,14.66
2016,2,10502,中部科學園區,虎尾園區,1.47
2016,2,10502,南部科學園區,臺南園區,120.69
2016,2,10502,南部科學園區,高雄園區,11.84
2016,2,10502,新竹科學園區,宜蘭園區,0.01
2016,2,10502,新竹科學園區,新竹園區,119.69
2016,2,10502,新竹科學園區,新竹生醫園區,0.23
2016,2,10502,新竹科學園區,竹南園區,19.15
2016,2,10502,新竹科學園區,銅鑼園區,0.98
2016,2,10502,新竹科學園區,龍潭園區,11.91
2016,3,10503,中部科學園區,中興園區,0.03
2016,3,10503,中部科學園區,二林園區,0.01
2016,3,10503,中部科學園區,台中園區,61.36
2016,3,10503,中部科學園區,后里園區,15.48
2016,3,10503,中部科學園區,虎尾園區,1.61
2016,3,10503,南部科學園區,臺南園區,121.36
2016,3,10503,南部科學園區,高雄園區,12.22
2016,3,10503,新竹科學園區,宜蘭園區,0.01
2016,3,10503,新竹科學園區,新竹園區,124.23
2016,3,10503,新竹科學園區,新竹生醫園區,0.25
2016,3,10503,新竹科學園區,竹南園區,19.1
2016,3,10503,新竹科學園區,銅鑼園區,1.03
2016,3,10503,新竹科學園區,龍潭園區,12.27
2016,4,10504,中部科學園區,中興園區,0.04
2016,4,10504,中部科學園區,二林園區,0.06
2016,4,10504,中部科學園區,台中園區,63.72
2016,4,10504,中部科學園區,后里園區,16.34
2016,4,10504,中部科學園區,虎尾園區,1.67
2016,4,10504,南部科學園區,臺南園區,122.19
2016,4,10504,南部科學園區,高雄園區,12.24
2016,4,10504,新竹科學園區,宜蘭園區,0.01
2016,4,10504,新竹科學園區,新竹園區,129.14
2016,4,10504,新竹科學園區,新竹生醫園區,0.28
2016,4,10504,新竹科學園區,竹南園區,19.9
2016,4,10504,新竹科學園區,銅鑼園區,1.11
2016,4,10504,新竹科學園區,龍潭園區,13.14
2016,5,10505,中部科學園區,中興園區,0.05
2016,5,10505,中部科學園區,二林園區,0.06
2016,5,10505,中部科學園區,台中園區,65.42
2016,5,10505,中部科學園區,后里園區,16.7
2016,5,10505,中部科學園區,虎尾園區,1.72
2016,5,10505,南部科學園區,臺南園區,123.25
2016,5,10505,南部科學園區,高雄園區,12.81
2016,5,10505,新竹科學園區,宜蘭園區,0.01
2016,5,10505,新竹科學園區,新竹園區,130.64
2016,5,10505,新竹科學園區,新竹生醫園區,0.33
2016,5,10505,新竹科學園區,竹南園區,20.52
2016,5,10505,新竹科學園區,銅鑼園區,1.34
2016,5,10505,新竹科學園區,龍潭園區,14.04
2016,6,10506,中部科學園區,中興園區,0.06
2016,6,10506,中部科學園區,二林園區,0.06
2016,6,10506,中部科學園區,台中園區,66.25
2016,6,10506,中部科學園區,后里園區,16.81
2016,6,10506,中部科學園區,虎尾園區,1.78
2016,6,10506,南部科學園區,臺南園區,123.86
2016,6,10506,南部科學園區,高雄園區,13.47
2016,6,10506,新竹科學園區,宜蘭園區,0.01
2016,6,10506,新竹科學園區,新竹園區,140.6
2016,6,10506,新竹科學園區,新竹生醫園區,0.34
2016,6,10506,新竹科學園區,竹南園區,21.12
2016,6,10506,新竹科學園區,銅鑼園區,1.41
2016,6,10506,新竹科學園區,龍潭園區,14.64
2016,7,10507,中部科學園區,中興園區,0.05
2016,7,10507,中部科學園區,二林園區,0.07
2016,7,10507,中部科學園區,台中園區,66.53
2016,7,10507,中部科學園區,后里園區,16.86
2016,7,10507,中部科學園區,虎尾園區,1.78
2016,7,10507,南部科學園區,臺南園區,124.1
2016,7,10507,南部科學園區,高雄園區,13.55
2016,7,10507,新竹科學園區,宜蘭園區,0.01
2016,7,10507,新竹科學園區,新竹園區,137.17
2016,7,10507,新竹科學園區,新竹生醫園區,0.34
2016,7,10507,新竹科學園區,竹南園區,20.69
2016,7,10507,新竹科學園區,銅鑼園區,1.49
2016,7,10507,新竹科學園區,龍潭園區,15.09
2016,8,10508,中部科學園區,中興園區,0.06
2016,8,10508,中部科學園區,二林園區,0.07
2016,8,10508,中部科學園區,台中園區,66.67
2016,8,10508,中部科學園區,后里園區,16.99
2016,8,10508,中部科學園區,虎尾園區,1.79
2016,8,10508,南部科學園區,臺南園區,124.47
2016,8,10508,南部科學園區,高雄園區,13.89
2016,8,10508,新竹科學園區,宜蘭園區,0.01
2016,8,10508,新竹科學園區,新竹園區,137.16
2016,8,10508,新竹科學園區,新竹生醫園區,0.41
2016,8,10508,新竹科學園區,竹南園區,20.75
2016,8,10508,新竹科學園區,銅鑼園區,1.46
2016,8,10508,新竹科學園區,龍潭園區,15.51
2016,9,10509,中部科學園區,中興園區,0.05
2016,9,10509,中部科學園區,二林園區,0.06
2016,9,10509,中部科學園區,台中園區,65.27
2016,9,10509,中部科學園區,后里園區,17.01
2016,9,10509,中部科學園區,虎尾園區,1.76
2016,9,10509,南部科學園區,臺南園區,124.0
2016,9,10509,南部科學園區,高雄園區,14.57
2016,9,10509,新竹科學園區,宜蘭園區,0.01
2016,9,10509,新竹科學園區,新竹園區,135.92
2016,9,10509,新竹科學園區,新竹生醫園區,0.43
2016,9,10509,新竹科學園區,竹南園區,19.23
2016,9,10509,新竹科學園區,銅鑼園區,1.52
2016,9,10509,新竹科學園區,龍潭園區,15.3
2016,10,10510,中部科學園區,中興園區,0.05
2016,10,10510,中部科學園區,二林園區,0.06
2016,10,10510,中部科學園區,台中園區,66.96
2016,10,10510,中部科學園區,后里園區,17.09
2016,10,10510,中部科學園區,虎尾園區,1.78
2016,10,10510,南部科學園區,臺南園區,123.32
2016,10,10510,南部科學園區,高雄園區,14.91
2016,10,10510,新竹科學園區,宜蘭園區,0.01
2016,10,10510,新竹科學園區,新竹園區,131.56
2016,10,10510,新竹科學園區,新竹生醫園區,0.44
2016,10,10510,新竹科學園區,竹南園區,19.62
2016,10,10510,新竹科學園區,銅鑼園區,1.36
2016,10,10510,新竹科學園區,龍潭園區,15.29
2016,11,10511,中部科學園區,中興園區,0.04
2016,11,10511,中部科學園區,二林園區,0.06
2016,11,10511,中部科學園區,台中園區,65.61
2016,11,10511,中部科學園區,后里園區,16.66
2016,11,10511,中部科學園區,虎尾園區,1.76
2016,11,10511,南部科學園區,臺南園區,121.83
2016,11,10511,南部科學園區,高雄園區,15.41
2016,11,10511,新竹科學園區,宜蘭園區,0.01
2016,11,10511,新竹科學園區,新竹園區,138.52
2016,11,10511,新竹科學園區,新竹生醫園區,0.48
2016,11,10511,新竹科學園區,竹南園區,19.42
2016,11,10511,新竹科學園區,銅鑼園區,1.49
2016,11,10511,新竹科學園區,龍潭園區,16.63
2016,12,10512,中部科學園區,中興園區,0.03
2016,12,10512,中部科學園區,二林園區,0.05
2016,12,10512,中部科學園區,台中園區,64.71
2016,12,10512,中部科學園區,后里園區,16.45
2016,12,10512,中部科學園區,虎尾園區,1.75
2016,12,10512,南部科學園區,臺南園區,121.57
2016,12,10512,南部科學園區,高雄園區,15.56
2016,12,10512,新竹科學園區,宜蘭園區,0.01
2016,12,10512,新竹科學園區,新竹園區,120.92
2016,12,10512,新竹科學園區,新竹生醫園區,0.4
2016,12,10512,新竹科學園區,竹南園區,18.86
2016,12,10512,新竹科學園區,銅鑼園區,1.57
2016,12,10512,新竹科學園區,龍潭園區,14.71
2017,1,10601,中部科學園區,中興園區,0.03
2017,1,10601,中部科學園區,二林園區,0.05
2017,1,10601,中部科學園區,台中園區,63.6
2017,1,10601,中部科學園區,后里園區,16.41
2017,1,10601,中部科學園區,虎尾園區,1.7
2017,1,10601,南部科學園區,臺南園區,121.31
2017,1,10601,南部科學園區,高雄園區,16.28
2017,1,10601,新竹科學園區,宜蘭園區,0.01
2017,1,10601,新竹科學園區,新竹園區,130.24
2017,1,10601,新竹科學園區,新竹生醫園區,0.41
2017,1,10601,新竹科學園區,竹南園區,18.69
2017,1,10601,新竹科學園區,銅鑼園區,1.59
2017,1,10601,新竹科學園區,龍潭園區,15.24
2017,2,10602,中部科學園區,中興園區,0.04
2017,2,10602,中部科學園區,二林園區,0.04
2017,2,10602,中部科學園區,台中園區,64.6
2017,2,10602,中部科學園區,后里園區,16.65
2017,2,10602,中部科學園區,虎尾園區,1.71
2017,2,10602,南部科學園區,臺南園區,121.46
2017,2,10602,南部科學園區,高雄園區,16.28
2017,2,10602,新竹科學園區,宜蘭園區,0.01
2017,2,10602,新竹科學園區,新竹園區,120.37
2017,2,10602,新竹科學園區,新竹生醫園區,0.37
2017,2,10602,新竹科學園區,竹南園區,18.7
2017,2,10602,新竹科學園區,銅鑼園區,1.49
2017,2,10602,新竹科學園區,龍潭園區,15.01
2017,3,10603,中部科學園區,中興園區,0.04
2017,3,10603,中部科學園區,二林園區,0.05
2017,3,10603,中部科學園區,台中園區,65.68
2017,3,10603,中部科學園區,后里園區,17.22
2017,3,10603,中部科學園區,虎尾園區,1.72
2017,3,10603,南部科學園區,臺南園區,121.66
2017,3,10603,南部科學園區,高雄園區,17.05
2017,3,10603,新竹科學園區,宜蘭園區,0.01
2017,3,10603,新竹科學園區,新竹園區,135.35
2017,3,10603,新竹科學園區,新竹生醫園區,0.4
2017,3,10603,新竹科學園區,竹南園區,18.75
2017,3,10603,新竹科學園區,銅鑼園區,1.55
2017,3,10603,新竹科學園區,龍潭園區,13.95
2017,4,10604,中部科學園區,中興園區,0.05
2017,4,10604,中部科學園區,二林園區,0.06
2017,4,10604,中部科學園區,台中園區,68.57
2017,4,10604,中部科學園區,后里園區,17.89
2017,4,10604,中部科學園區,虎尾園區,1.81
2017,4,10604,南部科學園區,臺南園區,122.02
2017,4,10604,南部科學園區,高雄園區,17.32
2017,4,10604,新竹科學園區,宜蘭園區,0.01
2017,4,10604,新竹科學園區,新竹園區,124.92
2017,4,10604,新竹科學園區,新竹生醫園區,0.45
2017,4,10604,新竹科學園區,竹南園區,18.99
2017,4,10604,新竹科學園區,銅鑼園區,1.58
2017,4,10604,新竹科學園區,龍潭園區,14.84
2017,5,10605,中部科學園區,中興園區,0.05
2017,5,10605,中部科學園區,二林園區,0.07
2017,5,10605,中部科學園區,台中園區,69.87
2017,5,10605,中部科學園區,后里園區,18.2
2017,5,10605,中部科學園區,虎尾園區,1.83
2017,5,10605,南部科學園區,臺南園區,122.74
2017,5,10605,南部科學園區,高雄園區,17.35
2017,5,10605,新竹科學園區,宜蘭園區,0.01
2017,5,10605,新竹科學園區,新竹園區,132.67
2017,5,10605,新竹科學園區,新竹生醫園區,0.42
2017,5,10605,新竹科學園區,竹南園區,19.45
2017,5,10605,新竹科學園區,銅鑼園區,1.71
2017,5,10605,新竹科學園區,龍潭園區,15.04
2017,6,10606,中部科學園區,中興園區,0.05
2017,6,10606,中部科學園區,二林園區,0.07
2017,6,10606,中部科學園區,台中園區,71.81
2017,6,10606,中部科學園區,后里園區,18.5
2017,6,10606,中部科學園區,虎尾園區,1.86
2017,6,10606,南部科學園區,臺南園區,123.1
2017,6,10606,南部科學園區,高雄園區,17.6
2017,6,10606,新竹科學園區,宜蘭園區,0.01
2017,6,10606,新竹科學園區,新竹園區,144.51
2017,6,10606,新竹科學園區,新竹生醫園區,0.48
2017,6,10606,新竹科學園區,竹南園區,19.99
2017,6,10606,新竹科學園區,銅鑼園區,1.8
2017,6,10606,新竹科學園區,龍潭園區,15.36
2017,7,10607,中部科學園區,中興園區,0.06
2017,7,10607,中部科學園區,二林園區,0.06
2017,7,10607,中部科學園區,台中園區,71.98
2017,7,10607,中部科學園區,后里園區,18.8
2017,7,10607,中部科學園區,虎尾園區,1.89
2017,7,10607,南部科學園區,臺南園區,123.12
2017,7,10607,南部科學園區,高雄園區,18.14
2017,7,10607,新竹科學園區,宜蘭園區,0.01
2017,7,10607,新竹科學園區,新竹園區,141.95
2017,7,10607,新竹科學園區,新竹生醫園區,0.51
2017,7,10607,新竹科學園區,竹南園區,20.49
2017,7,10607,新竹科學園區,銅鑼園區,1.85
2017,7,10607,新竹科學園區,龍潭園區,15.33
2017,8,10608,中部科學園區,中興園區,0.06
2017,8,10608,中部科學園區,二林園區,0.06
2017,8,10608,中部科學園區,台中園區,72.59
2017,8,10608,中部科學園區,后里園區,18.92
2017,8,10608,中部科學園區,虎尾園區,1.89
2017,8,10608,南部科學園區,臺南園區,123.25
2017,8,10608,南部科學園區,高雄園區,18.2
2017,8,10608,新竹科學園區,宜蘭園區,0.01
2017,8,10608,新竹科學園區,新竹園區,138.57
2017,8,10608,新竹科學園區,新竹生醫園區,0.5
2017,8,10608,新竹科學園區,竹南園區,20.45
2017,8,10608,新竹科學園區,銅鑼園區,1.99
2017,8,10608,新竹科學園區,龍潭園區,15.84
2017,9,10609,中部科學園區,中興園區,0.05
2017,9,10609,中部科學園區,二林園區,0.07
2017,9,10609,中部科學園區,台中園區,72.93
2017,9,10609,中部科學園區,后里園區,19.16
2017,9,10609,中部科學園區,虎尾園區,1.88
2017,9,10609,南部科學園區,臺南園區,123.07
2017,9,10609,南部科學園區,高雄園區,19.12
2017,9,10609,新竹科學園區,宜蘭園區,0.01
2017,9,10609,新竹科學園區,新竹園區,135.5
2017,9,10609,新竹科學園區,新竹生醫園區,0.49
2017,9,10609,新竹科學園區,竹南園區,20.66
2017,9,10609,新竹科學園區,銅鑼園區,1.96
2017,9,10609,新竹科學園區,龍潭園區,15.88
2017,10,10610,中部科學園區,中興園區,0.05
2017,10,10610,中部科學園區,二林園區,0.07
2017,10,10610,中部科學園區,台中園區,71.97
2017,10,10610,中部科學園區,后里園區,19.34
2017,10,10610,中部科學園區,虎尾園區,1.86
2017,10,10610,南部科學園區,臺南園區,122.91
2017,10,10610,南部科學園區,高雄園區,18.41
2017,10,10610,新竹科學園區,宜蘭園區,0.01
2017,10,10610,新竹科學園區,新竹園區,134.24
2017,10,10610,新竹科學園區,新竹生醫園區,0.49
2017,10,10610,新竹科學園區,竹南園區,21.18
2017,10,10610,新竹科學園區,銅鑼園區,1.86
2017,10,10610,新竹科學園區,龍潭園區,15.52
2017,11,10611,中部科學園區,中興園區,0.04
2017,11,10611,中部科學園區,二林園區,0.06
2017,11,10611,中部科學園區,台中園區,67.39
2017,11,10611,中部科學園區,后里園區,19.07
2017,11,10611,中部科學園區,虎尾園區,0.93
2017,11,10611,南部科學園區,臺南園區,122.38
2017,11,10611,南部科學園區,高雄園區,18.41
2017,11,10611,新竹科學園區,宜蘭園區,0.01
2017,11,10611,新竹科學園區,新竹園區,127.95
2017,11,10611,新竹科學園區,新竹生醫園區,0.44
2017,11,10611,新竹科學園區,竹南園區,19.62
2017,11,10611,新竹科學園區,銅鑼園區,1.93
2017,11,10611,新竹科學園區,龍潭園區,14.93
2017,12,10612,中部科學園區,中興園區,0.03
2017,12,10612,中部科學園區,二林園區,0.04
2017,12,10612,中部科學園區,台中園區,65.85
2017,12,10612,中部科學園區,后里園區,18.62
2017,12,10612,中部科學園區,虎尾園區,1.56
2017,12,10612,南部科學園區,臺南園區,121.71
2017,12,10612,南部科學園區,高雄園區,18.43
2017,12,10612,新竹科學園區,宜蘭園區,0.01
2017,12,10612,新竹科學園區,新竹園區,131.38
2017,12,10612,新竹科學園區,新竹生醫園區,0.4
2017,12,10612,新竹科學園區,竹南園區,18.88
2017,12,10612,新竹科學園區,銅鑼園區,1.81
2017,12,10612,新竹科學園區,龍潭園區,14.82
2018,1,10701,中部科學園區,中興園區,0.03
2018,1,10701,中部科學園區,二林園區,0.04
2018,1,10701,中部科學園區,台中園區,65.92
2018,1,10701,中部科學園區,后里園區,18.89
2018,1,10701,中部科學園區,虎尾園區,1.66
2018,1,10701,南部科學園區,臺南園區,121.14
2018,1,10701,南部科學園區,高雄園區,18.43
2018,1,10701,新竹科學園區,宜蘭園區,0.01
2018,1,10701,新竹科學園區,新竹園區,126.65
2018,1,10701,新竹科學園區,新竹生醫園區,0.4
2018,1,10701,新竹科學園區,竹南園區,18.32
2018,1,10701,新竹科學園區,銅鑼園區,1.78
2018,1,10701,新竹科學園區,龍潭園區,14.9
2018,2,10702,中部科學園區,中興園區,0.03
2018,2,10702,中部科學園區,二林園區,0.03
2018,2,10702,中部科學園區,台中園區,65.06
2018,2,10702,中部科學園區,后里園區,19.12
2018,2,10702,中部科學園區,虎尾園區,1.62
2018,2,10702,南部科學園區,臺南園區,120.83
2018,2,10702,南部科學園區,高雄園區,18.42
2018,2,10702,新竹科學園區,宜蘭園區,0.01
2018,2,10702,新竹科學園區,新竹園區,120.27
2018,2,10702,新竹科學園區,新竹生醫園區,0.38
2018,2,10702,新竹科學園區,竹南園區,17.84
2018,2,10702,新竹科學園區,銅鑼園區,1.76
2018,2,10702,新竹科學園區,龍潭園區,15.86
2018,3,10703,中部科學園區,中興園區,0.04
2018,3,10703,中部科學園區,二林園區,0.05
2018,3,10703,中部科學園區,台中園區,68.57
2018,3,10703,中部科學園區,后里園區,20.7
2018,3,10703,中部科學園區,虎尾園區,1.74
2018,3,10703,南部科學園區,臺南園區,122.16
2018,3,10703,南部科學園區,高雄園區,18.09
2018,3,10703,新竹科學園區,宜蘭園區,0.04
2018,3,10703,新竹科學園區,新竹園區,130.63
2018,3,10703,新竹科學園區,新竹生醫園區,0.41
2018,3,10703,新竹科學園區,竹南園區,18.72
2018,3,10703,新竹科學園區,銅鑼園區,1.91
2018,3,10703,新竹科學園區,龍潭園區,15.45
2018,4,10704,中部科學園區,中興園區,0.04
2018,4,10704,中部科學園區,二林園區,0.06
2018,4,10704,中部科學園區,台中園區,69.55
2018,4,10704,中部科學園區,后里園區,21.0
2018,4,10704,中部科學園區,虎尾園區,1.78
2018,4,10704,南部科學園區,臺南園區,122.47
2018,4,10704,南部科學園區,高雄園區,18.18
2018,4,10704,新竹科學園區,宜蘭園區,0.01
2018,4,10704,新竹科學園區,新竹園區,133.88
2018,4,10704,新竹科學園區,新竹生醫園區,0.42
2018,4,10704,新竹科學園區,竹南園區,19.43
2018,4,10704,新竹科學園區,銅鑼園區,1.97
2018,4,10704,新竹科學園區,龍潭園區,15.68
2018,5,10705,中部科學園區,中興園區,0.05
2018,5,10705,中部科學園區,二林園區,0.07
2018,5,10705,中部科學園區,台中園區,71.9
2018,5,10705,中部科學園區,后里園區,22.05
2018,5,10705,中部科學園區,虎尾園區,1.88
2018,5,10705,南部科學園區,臺南園區,123.5
2018,5,10705,南部科學園區,高雄園區,18.18
2018,5,10705,新竹科學園區,宜蘭園區,0.01
2018,5,10705,新竹科學園區,新竹園區,134.01
2018,5,10705,新竹科學園區,新竹生醫園區,0.48
2018,5,10705,新竹科學園區,竹南園區,20.24
2018,5,10705,新竹科學園區,銅鑼園區,2.3
2018,5,10705,新竹科學園區,龍潭園區,16.44
2018,6,10706,中部科學園區,中興園區,0.06
2018,6,10706,中部科學園區,二林園區,0.07
2018,6,10706,中部科學園區,台中園區,71.47
2018,6,10706,中部科學園區,后里園區,22.25
2018,6,10706,中部科學園區,虎尾園區,1.85
2018,6,10706,南部科學園區,臺南園區,123.5
2018,6,10706,南部科學園區,高雄園區,18.22
2018,6,10706,新竹科學園區,宜蘭園區,0.01
2018,6,10706,新竹科學園區,新竹園區,133.67
2018,6,10706,新竹科學園區,新竹生醫園區,0.47
2018,6,10706,新竹科學園區,竹南園區,20.21
2018,6,10706,新竹科學園區,銅鑼園區,2.38
2018,6,10706,新竹科學園區,龍潭園區,16.14
2018,7,10707,中部科學園區,中興園區,0.05
2018,7,10707,中部科學園區,二林園區,0.07
2018,7,10707,中部科學園區,台中園區,71.96
2018,7,10707,中部科學園區,后里園區,22.22
2018,7,10707,中部科學園區,虎尾園區,1.9
2018,7,10707,南部科學園區,臺南園區,123.81
2018,7,10707,南部科學園區,高雄園區,18.04
2018,7,10707,新竹科學園區,宜蘭園區,0.01
2018,7,10707,新竹科學園區,新竹園區,133.71
2018,7,10707,新竹科學園區,新竹生醫園區,0.49
2018,7,10707,新竹科學園區,竹南園區,20.49
2018,7,10707,新竹科學園區,銅鑼園區,2.46
2018,7,10707,新竹科學園區,龍潭園區,15.91
2018,8,10708,中部科學園區,中興園區,0.05
2018,8,10708,中部科學園區,二林園區,0.07
2018,8,10708,中部科學園區,台中園區,71.73
2018,8,10708,中部科學園區,后里園區,22.52
2018,8,10708,中部科學園區,虎尾園區,1.91
2018,8,10708,南部科學園區,臺南園區,123.62
2018,8,10708,南部科學園區,高雄園區,18.03
2018,8,10708,新竹科學園區,宜蘭園區,0.01
2018,8,10708,新竹科學園區,新竹園區,135.76
2018,8,10708,新竹科學園區,新竹生醫園區,0.49
2018,8,10708,新竹科學園區,竹南園區,20.06
2018,8,10708,新竹科學園區,銅鑼園區,2.49
2018,8,10708,新竹科學園區,龍潭園區,16.9
2018,9,10709,中部科學園區,中興園區,0.05
2018,9,10709,中部科學園區,二林園區,0.07
2018,9,10709,中部科學園區,台中園區,72.07
2018,9,10709,中部科學園區,后里園區,22.44
2018,9,10709,中部科學園區,虎尾園區,1.91
2018,9,10709,南部科學園區,臺南園區,123.35
2018,9,10709,南部科學園區,高雄園區,17.02
2018,9,10709,新竹科學園區,宜蘭園區,0.05
2018,9,10709,新竹科學園區,新竹園區,135.69
2018,9,10709,新竹科學園區,新竹生醫園區,0.48
2018,9,10709,新竹科學園區,竹南園區,20.32
2018,9,10709,新竹科學園區,銅鑼園區,2.49
2018,9,10709,新竹科學園區,龍潭園區,16.32
2018,10,10710,中部科學園區,中興園區,0.04
2018,10,10710,中部科學園區,二林園區,0.06
2018,10,10710,中部科學園區,台中園區,70.18
2018,10,10710,中部科學園區,后里園區,22.02
2018,10,10710,中部科學園區,虎尾園區,1.91
2018,10,10710,南部科學園區,臺南園區,123.0
2018,10,10710,南部科學園區,高雄園區,16.91
2018,10,10710,新竹科學園區,宜蘭園區,0.04
2018,10,10710,新竹科學園區,新竹園區,128.13
2018,10,10710,新竹科學園區,新竹生醫園區,0.44
2018,10,10710,新竹科學園區,竹南園區,18.87
2018,10,10710,新竹科學園區,銅鑼園區,2.22
2018,10,10710,新竹科學園區,龍潭園區,15.94
2018,11,10711,中部科學園區,中興園區,0.04
2018,11,10711,中部科學園區,二林園區,0.06
2018,11,10711,中部科學園區,台中園區,69.49
2018,11,10711,中部科學園區,后里園區,22.17
2018,11,10711,中部科學園區,虎尾園區,1.93
2018,11,10711,南部科學園區,臺南園區,122.67
2018,11,10711,南部科學園區,高雄園區,16.96
2018,11,10711,新竹科學園區,宜蘭園區,0.05
2018,11,10711,新竹科學園區,新竹園區,131.15
2018,11,10711,新竹科學園區,新竹生醫園區,0.45
2018,11,10711,新竹科學園區,竹南園區,18.24
2018,11,10711,新竹科學園區,銅鑼園區,1.99
2018,11,10711,新竹科學園區,龍潭園區,15.87
2018,12,10712,中部科學園區,中興園區,0.03
2018,12,10712,中部科學園區,二林園區,0.05
2018,12,10712,中部科學園區,台中園區,68.84
2018,12,10712,中部科學園區,后里園區,21.64
2018,12,10712,中部科學園區,虎尾園區,1.87
2018,12,10712,南部科學園區,臺南園區,122.67
2018,12,10712,南部科學園區,高雄園區,16.97
2018,12,10712,新竹科學園區,宜蘭園區,0.04
2018,12,10712,新竹科學園區,新竹園區,130.95
2018,12,10712,新竹科學園區,新竹生醫園區,0.42
2018,12,10712,新竹科學園區,竹南園區,17.78
2018,12,10712,新竹科學園區,銅鑼園區,2.39
2018,12,10712,新竹科學園區,龍潭園區,15.41
2019,1,10801,中部科學園區,中興園區,0.2
2019,1,10801,中部科學園區,二林園區,0.05
2019,1,10801,中部科學園區,台中園區,97.6
2019,1,10801,中部科學園區,后里園區,22.44
2019,1,10801,中部科學園區,虎尾園區,2.05
2019,1,10801,南部科學園區,臺南園區,122.58
2019,1,10801,南部科學園區,高雄園區,17.02
2019,1,10801,新竹科學園區,宜蘭園區,0.04
2019,1,10801,新竹科學園區,新竹園區,131.09
2019,1,10801,新竹科學園區,新竹生醫園區,0.41
2019,1,10801,新竹科學園區,竹南園區,17.34
2019,1,10801,新竹科學園區,銅鑼園區,2.4
2019,1,10801,新竹科學園區,龍潭園區,15.45
2019,2,10802,中部科學園區,中興園區,0.21
2019,2,10802,中部科學園區,二林園區,0.04
2019,2,10802,中部科學園區,台中園區,95.82
2019,2,10802,中部科學園區,后里園區,22.5
2019,2,10802,中部科學園區,虎尾園區,2.0
2019,2,10802,南部科學園區,臺南園區,123.22
2019,2,10802,南部科學園區,高雄園區,16.91
2019,2,10802,新竹科學園區,宜蘭園區,0.04
2019,2,10802,新竹科學園區,新竹園區,125.2
2019,2,10802,新竹科學園區,新竹生醫園區,0.4
2019,2,10802,新竹科學園區,竹南園區,17.12
2019,2,10802,新竹科學園區,銅鑼園區,2.34
2019,2,10802,新竹科學園區,龍潭園區,15.49
2019,3,10803,中部科學園區,中興園區,0.23
2019,3,10803,中部科學園區,二林園區,0.05
2019,3,10803,中部科學園區,台中園區,96.69
2019,3,10803,中部科學園區,后里園區,22.83
2019,3,10803,中部科學園區,虎尾園區,2.03
2019,3,10803,南部科學園區,臺南園區,122.23
2019,3,10803,南部科學園區,高雄園區,16.89
2019,3,10803,新竹科學園區,宜蘭園區,0.04
2019,3,10803,新竹科學園區,新竹園區,131.09
2019,3,10803,新竹科學園區,新竹生醫園區,0.41
2019,3,10803,新竹科學園區,竹南園區,17.71
2019,3,10803,新竹科學園區,銅鑼園區,2.31
2019,3,10803,新竹科學園區,龍潭園區,15.82
2019,4,10804,中部科學園區,中興園區,0.24
2019,4,10804,中部科學園區,二林園區,0.05
2019,4,10804,中部科學園區,台中園區,99.17
2019,4,10804,中部科學園區,后里園區,24.12
2019,4,10804,中部科學園區,虎尾園區,2.08
2019,4,10804,南部科學園區,臺南園區,122.23
2019,4,10804,南部科學園區,高雄園區,16.89
2019,4,10804,新竹科學園區,宜蘭園區,0.05
2019,4,10804,新竹科學園區,新竹園區,132.56
2019,4,10804,新竹科學園區,新竹生醫園區,0.45
2019,4,10804,新竹科學園區,竹南園區,18.67
2019,4,10804,新竹科學園區,銅鑼園區,2.43
2019,4,10804,新竹科學園區,龍潭園區,16.67
2019,5,10805,中部科學園區,中興園區,0.26
2019,5,10805,中部科學園區,二林園區,0.06
2019,5,10805,中部科學園區,台中園區,99.79
2019,5,10805,中部科學園區,后里園區,25.1
2019,5,10805,中部科學園區,虎尾園區,2.14
2019,5,10805,南部科學園區,臺南園區,122.01
2019,5,10805,南部科學園區,高雄園區,17.01
2019,5,10805,新竹科學園區,宜蘭園區,0.05
2019,5,10805,新竹科學園區,新竹園區,133.99
2019,5,10805,新竹科學園區,新竹生醫園區,0.47
2019,5,10805,新竹科學園區,竹南園區,20.19
2019,5,10805,新竹科學園區,銅鑼園區,2.63
2019,5,10805,新竹科學園區,龍潭園區,16.21
2019,6,10806,中部科學園區,中興園區,0.27
2019,6,10806,中部科學園區,二林園區,0.06
2019,6,10806,中部科學園區,台中園區,100.59
2019,6,10806,中部科學園區,后里園區,25.45
2019,6,10806,中部科學園區,虎尾園區,2.14
2019,6,10806,南部科學園區,臺南園區,122.41
2019,6,10806,南部科學園區,高雄園區,17.0
2019,6,10806,新竹科學園區,宜蘭園區,0.05
2019,6,10806,新竹科學園區,新竹園區,134.83
2019,6,10806,新竹科學園區,新竹生醫園區,0.48
2019,6,10806,新竹科學園區,竹南園區,19.77
2019,6,10806,新竹科學園區,銅鑼園區,2.87
2019,6,10806,新竹科學園區,龍潭園區,16.37
2019,7,10807,中部科學園區,中興園區,0.29
2019,7,10807,中部科學園區,二林園區,0.07
2019,7,10807,中部科學園區,台中園區,102.44
2019,7,10807,中部科學園區,后里園區,25.94
2019,7,10807,中部科學園區,虎尾園區,2.1
2019,7,10807,南部科學園區,臺南園區,122.7
2019,7,10807,南部科學園區,高雄園區,17.12
2019,7,10807,新竹科學園區,宜蘭園區,0.05
2019,7,10807,新竹科學園區,新竹園區,134.33
2019,7,10807,新竹科學園區,新竹生醫園區,0.51
2019,7,10807,新竹科學園區,竹南園區,19.76
2019,7,10807,新竹科學園區,銅鑼園區,2.75
2019,7,10807,新竹科學園區,龍潭園區,17.34
2019,8,10808,中部科學園區,中興園區,0.28
2019,8,10808,中部科學園區,二林園區,0.07
2019,8,10808,中部科學園區,台中園區,104.36
2019,8,10808,中部科學園區,后里園區,26.18
2019,8,10808,中部科學園區,虎尾園區,2.19
2019,8,10808,南部科學園區,臺南園區,132.01
2019,8,10808,南部科學園區,高雄園區,17.12
2019,8,10808,新竹科學園區,宜蘭園區,0.05
2019,8,10808,新竹科學園區,新竹園區,135.78
2019,8,10808,新竹科學園區,新竹生醫園區,0.52
2019,8,10808,新竹科學園區,竹南園區,19.96
2019,8,10808,新竹科學園區,銅鑼園區,2.88
2019,8,10808,新竹科學園區,龍潭園區,16.33
2019,9,10809,中部科學園區,中興園區,0.28
2019,9,10809,中部科學園區,二林園區,0.07
2019,9,10809,中部科學園區,台中園區,104.74
2019,9,10809,中部科學園區,后里園區,26.91
2019,9,10809,中部科學園區,虎尾園區,2.18
2019,9,10809,南部科學園區,臺南園區,132.2
2019,9,10809,南部科學園區,高雄園區,17.33
2019,9,10809,新竹科學園區,宜蘭園區,0.05
2019,9,10809,新竹科學園區,新竹園區,135.87
2019,9,10809,新竹科學園區,新竹生醫園區,0.5
2019,9,10809,新竹科學園區,竹南園區,20.03
2019,9,10809,新竹科學園區,銅鑼園區,2.89
2019,9,10809,新竹科學園區,龍潭園區,16.33
2019,10,10810,中部科學園區,中興園區,0.28
2019,10,10810,中部科學園區,二林園區,0.07
2019,10,10810,中部科學園區,台中園區,107.28
2019,10,10810,中部科學園區,后里園區,25.96
2019,10,10810,中部科學園區,虎尾園區,2.15
2019,10,10810,南部科學園區,臺南園區,132.6
2019,10,10810,南部科學園區,高雄園區,17.33
2019,10,10810,新竹科學園區,宜蘭園區,0.05
2019,10,10810,新竹科學園區,新竹園區,134.62
2019,10,10810,新竹科學園區,新竹生醫園區,0.46
2019,10,10810,新竹科學園區,竹南園區,19.27
2019,10,10810,新竹科學園區,銅鑼園區,2.86
2019,10,10810,新竹科學園區,龍潭園區,15.12
2019,11,10811,中部科學園區,中興園區,0.26
2019,11,10811,中部科學園區,二林園區,0.07
2019,11,10811,中部科學園區,台中園區,106.85
2019,11,10811,中部科學園區,后里園區,25.73
2019,11,10811,中部科學園區,虎尾園區,2.14
2019,11,10811,南部科學園區,臺南園區,132.3
2019,11,10811,南部科學園區,高雄園區,17.3
2019,11,10811,新竹科學園區,宜蘭園區,0.05
2019,11,10811,新竹科學園區,新竹園區,137.67
2019,11,10811,新竹科學園區,新竹生醫園區,0.43
2019,11,10811,新竹科學園區,竹南園區,18.44
2019,11,10811,新竹科學園區,銅鑼園區,2.7
2019,11,10811,新竹科學園區,龍潭園區,14.7
2019,12,10812,中部科學園區,中興園區,0.24
2019,12,10812,中部科學園區,二林園區,0.06
2019,12,10812,中部科學園區,台中園區,104.41
2019,12,10812,中部科學園區,后里園區,25.62
2019,12,10812,中部科學園區,虎尾園區,2.04
2019,12,10812,南部科學園區,臺南園區,132.65
2019,12,10812,南部科學園區,高雄園區,17.32
2019,12,10812,新竹科學園區,宜蘭園區,0.05
2019,12,10812,新竹科學園區,新竹園區,115.0
2019,12,10812,新竹科學園區,新竹生醫園區,0.43
2019,12,10812,新竹科學園區,竹南園區,17.82
2019,12,10812,新竹科學園區,銅鑼園區,3.07
2019,12,10812,新竹科學園區,龍潭園區,14.16
2020,1,10901,中部科學園區,中興園區,0.23
2020,1,10901,中部科學園區,二林園區,0.05
2020,1,10901,中部科學園區,台中園區,103.15
2020,1,10901,中部科學園區,后里園區,25.85
2020,1,10901,中部科學園區,虎尾園區,1.99
2020,1,10901,南部科學園區,臺南園區,140.03
2020,1,10901,南部科學園區,高雄園區,17.34
2020,1,10901,新竹科學園區,宜蘭園區,0.04
2020,1,10901,新竹科學園區,新竹園區,115.0
2020,1,10901,新竹科學園區,新竹生醫園區,0.39
2020,1,10901,新竹科學園區,竹南園區,17.24
2020,1,10901,新竹科學園區,銅鑼園區,3.1
2020,1,10901,新竹科學園區,龍潭園區,14.3
2020,2,10902,中部科學園區,中興園區,0.22
2020,2,10902,中部科學園區,二林園區,0.04
2020,2,10902,中部科學園區,台中園區,104.69
2020,2,10902,中部科學園區,后里園區,25.28
2020,2,10902,中部科學園區,虎尾園區,1.84
2020,2,10902,南部科學園區,臺南園區,144.09
2020,2,10902,南部科學園區,高雄園區,17.32
2020,2,10902,新竹科學園區,宜蘭園區,0.05
2020,2,10902,新竹科學園區,新竹園區,111.9
2020,2,10902,新竹科學園區,新竹生醫園區,0.39
2020,2,10902,新竹科學園區,竹南園區,17.23
2020,2,10902,新竹科學園區,銅鑼園區,3.14
2020,2,10902,新竹科學園區,龍潭園區,13.99
2020,3,10903,中部科學園區,中興園區,0.23
2020,3,10903,中部科學園區,二林園區,0.04
2020,3,10903,中部科學園區,台中園區,106.62
2020,3,10903,中部科學園區,后里園區,25.57
2020,3,10903,中部科學園區,虎尾園區,1.95
2020,3,10903,南部科學園區,臺南園區,147.25
2020,3,10903,南部科學園區,高雄園區,17.34
2020,3,10903,新竹科學園區,宜蘭園區,0.05
2020,3,10903,新竹科學園區,新竹園區,116.92
2020,3,10903,新竹科學園區,新竹生醫園區,0.4
2020,3,10903,新竹科學園區,竹南園區,17.89
2020,3,10903,新竹科學園區,銅鑼園區,3.06
2020,3,10903,新竹科學園區,龍潭園區,14.43
2020,4,10904,中部科學園區,中興園區,0.25
2020,4,10904,中部科學園區,二林園區,0.06
2020,4,10904,中部科學園區,台中園區,110.09
2020,4,10904,中部科學園區,后里園區,26.45
2020,4,10904,中部科學園區,虎尾園區,2.09
2020,4,10904,南部科學園區,臺南園區,148.58
2020,4,10904,南部科學園區,高雄園區,17.31
2020,4,10904,新竹科學園區,宜蘭園區,0.05
2020,4,10904,新竹科學園區,新竹園區,115.92
2020,4,10904,新竹科學園區,新竹生醫園區,0.39
2020,4,10904,新竹科學園區,竹南園區,17.44
2020,4,10904,新竹科學園區,銅鑼園區,3.25
2020,4,10904,新竹科學園區,龍潭園區,14.04
2020,5,10905,中部科學園區,中興園區,0.24
2020,5,10905,中部科學園區,二林園區,0.06
2020,5,10905,中部科學園區,台中園區,108.97
2020,5,10905,中部科學園區,后里園區,26.42
2020,5,10905,中部科學園區,虎尾園區,1.98
2020,5,10905,南部科學園區,臺南園區,150.79
2020,5,10905,南部科學園區,高雄園區,17.24
2020,5,10905,新竹科學園區,宜蘭園區,0.05
2020,5,10905,新竹科學園區,新竹園區,124.37
2020,5,10905,新竹科學園區,新竹生醫園區,0.45
2020,5,10905,新竹科學園區,竹南園區,18.19
2020,5,10905,新竹科學園區,銅鑼園區,3.57
2020,5,10905,新竹科學園區,龍潭園區,14.35
2020,6,10906,中部科學園區,中興園區,0.26
2020,6,10906,中部科學園區,二林園區,0.07
2020,6,10906,中部科學園區,台中園區,112.22
2020,6,10906,中部科學園區,后里園區,27.15
2020,6,10906,中部科學園區,虎尾園區,2.1
2020,6,10906,南部科學園區,臺南園區,153.16
2020,6,10906,南部科學園區,高雄園區,17.23
2020,6,10906,新竹科學園區,宜蘭園區,0.06
2020,6,10906,新竹科學園區,新竹園區,128.55
2020,6,10906,新竹科學園區,新竹生醫園區,0.45
2020,6,10906,新竹科學園區,竹南園區,18.59
2020,6,10906,新竹科學園區,銅鑼園區,3.32
2020,6,10906,新竹科學園區,龍潭園區,16.19
2020,7,10907,中部科學園區,中興園區,0.27
2020,7,10907,中部科學園區,二林園區,0.07
2020,7,10907,中部科學園區,台中園區,114.27
2020,7,10907,中部科學園區,后里園區,27.67
2020,7,10907,中部科學園區,虎尾園區,1.96
2020,7,10907,南部科學園區,臺南園區,155.87
2020,7,10907,南部科學園區,高雄園區,17.35
2020,7,10907,新竹科學園區,宜蘭園區,0.06
2020,7,10907,新竹科學園區,新竹園區,132.29
2020,7,10907,新竹科學園區,新竹生醫園區,0.46
2020,7,10907,新竹科學園區,竹南園區,18.86
2020,7,10907,新竹科學園區,銅鑼園區,3.49
2020,7,10907,新竹科學園區,龍潭園區,14.53
2020,8,10908,中部科學園區,中興園區,0.28
2020,8,10908,中部科學園區,二林園區,0.07
2020,8,10908,中部科學園區,台中園區,115.37
2020,8,10908,中部科學園區,后里園區,27.87
2020,8,10908,中部科學園區,虎尾園區,1.96
2020,8,10908,南部科學園區,臺南園區,156.87
2020,8,10908,南部科學園區,高雄園區,17.38
2020,8,10908,新竹科學園區,宜蘭園區,0.05
2020,8,10908,新竹科學園區,新竹園區,131.71
2020,8,10908,新竹科學園區,新竹生醫園區,0.45
2020,8,10908,新竹科學園區,竹南園區,18.87
2020,8,10908,新竹科學園區,銅鑼園區,3.54
2020,8,10908,新竹科學園區,龍潭園區,14.28
2020,9,10909,中部科學園區,中興園區,0.28
2020,9,10909,中部科學園區,二林園區,0.07
2020,9,10909,中部科學園區,台中園區,115.41
2020,9,10909,中部科學園區,后里園區,28.56
2020,9,10909,中部科學園區,虎尾園區,1.92
2020,9,10909,南部科學園區,臺南園區,156.81
2020,9,10909,南部科學園區,高雄園區,17.38
2020,9,10909,新竹科學園區,宜蘭園區,0.05
2020,9,10909,新竹科學園區,新竹園區,132.17
2020,9,10909,新竹科學園區,新竹生醫園區,0.46
2020,9,10909,新竹科學園區,竹南園區,19.1
2020,9,10909,新竹科學園區,銅鑼園區,3.41
2020,9,10909,新竹科學園區,龍潭園區,15.09
2020,10,10910,中部科學園區,中興園區,0.26
2020,10,10910,中部科學園區,二林園區,0.07
2020,10,10910,中部科學園區,台中園區,115.83
2020,10,10910,中部科學園區,后里園區,28.48
2020,10,10910,中部科學園區,虎尾園區,1.95
2020,10,10910,南部科學園區,臺南園區,156.65
2020,10,10910,南部科學園區,高雄園區,17.4
2020,10,10910,新竹科學園區,宜蘭園區,0.05
2020,10,10910,新竹科學園區,新竹園區,125.75
2020,10,10910,新竹科學園區,新竹生醫園區,0.42
2020,10,10910,新竹科學園區,竹南園區,18.4
2020,10,10910,新竹科學園區,銅鑼園區,3.39
2020,10,10910,新竹科學園區,龍潭園區,14.39
2020,11,10911,中部科學園區,中興園區,0.27
2020,11,10911,中部科學園區,二林園區,0.06
2020,11,10911,中部科學園區,台中園區,113.92
2020,11,10911,中部科學園區,后里園區,28.42
2020,11,10911,中部科學園區,虎尾園區,1.93
2020,11,10911,南部科學園區,臺南園區,156.75
2020,11,10911,南部科學園區,高雄園區,17.4
2020,11,10911,新竹科學園區,宜蘭園區,0.08
2020,11,10911,新竹科學園區,新竹園區,124.26
2020,11,10911,新竹科學園區,新竹生醫園區,0.41
2020,11,10911,新竹科學園區,竹南園區,17.9
2020,11,10911,新竹科學園區,銅鑼園區,3.07
2020,11,10911,新竹科學園區,龍潭園區,14.04
2020,12,10912,中部科學園區,中興園區,0.23
2020,12,10912,中部科學園區,二林園區,0.06
2020,12,10912,中部科學園區,台中園區,112.53
2020,12,10912,中部科學園區,后里園區,27.96
2020,12,10912,中部科學園區,虎尾園區,1.89
2020,12,10912,南部科學園區,臺南園區,157.44
2020,12,10912,南部科學園區,高雄園區,17.35
2020,12,10912,新竹科學園區,宜蘭園區,0.07
2020,12,10912,新竹科學園區,新竹園區,116.21
2020,12,10912,新竹科學園區,新竹生醫園區,0.4
2020,12,10912,新竹科學園區,竹南園區,17.4
2020,12,10912,新竹科學園區,銅鑼園區,3.32
2020,12,10912,新竹科學園區,龍潭園區,13.55
2021,1,11001,中部科學園區,中興園區,0.21
2021,1,11001,中部科學園區,二林園區,0.05
2021,1,11001,中部科學園區,台中園區,109.4
2021,1,11001,中部科學園區,后里園區,27.42
2021,1,11001,中部科學園區,虎尾園區,1.81
2021,1,11001,南部科學園區,臺南園區,158.9
2021,1,11001,南部科學園區,高雄園區,17.36
2021,1,11001,新竹科學園區,宜蘭園區,0.07
2021,1,11001,新竹科學園區,新竹園區,116.59
2021,1,11001,新竹科學園區,新竹生醫園區,0.39
2021,1,11001,新竹科學園區,竹南園區,17.1
2021,1,11001,新竹科學園區,銅鑼園區,3.29
2021,1,11001,新竹科學園區,龍潭園區,14.15
2021,2,11002,中部科學園區,中興園區,0.2
2021,2,11002,中部科學園區,二林園區,0.04
2021,2,11002,中部科學園區,台中園區,108.24
2021,2,11002,中部科學園區,后里園區,27.15
2021,2,11002,中部科學園區,虎尾園區,1.82
2021,2,11002,南部科學園區,臺南園區,161.5
2021,2,11002,南部科學園區,高雄園區,17.36
2021,2,11002,新竹科學園區,宜蘭園區,0.07
2021,2,11002,新竹科學園區,新竹園區,113.48
2021,2,11002,新竹科學園區,新竹生醫園區,0.38
2021,2,11002,新竹科學園區,竹南園區,17.21
2021,2,11002,新竹科學園區,銅鑼園區,3.34
2021,2,11002,新竹科學園區,龍潭園區,15.02
2021,3,11003,中部科學園區,中興園區,0.21
2021,3,11003,中部科學園區,二林園區,0.04
2021,3,11003,中部科學園區,台中園區,108.53
2021,3,11003,中部科學園區,后里園區,27.15
2021,3,11003,中部科學園區,虎尾園區,1.86
2021,3,11003,南部科學園區,臺南園區,161.71
2021,3,11003,南部科學園區,高雄園區,17.36
2021,3,11003,新竹科學園區,宜蘭園區,0.08
2021,3,11003,新竹科學園區,新竹園區,120.68
2021,3,11003,新竹科學園區,新竹生醫園區,0.4
2021,3,11003,新竹科學園區,竹南園區,18.22
2021,3,11003,新竹科學園區,銅鑼園區,3.41
2021,3,11003,新竹科學園區,龍潭園區,14.5
2021,4,11004,中部科學園區,中興園區,0.24
2021,4,11004,中部科學園區,二林園區,0.06
2021,4,11004,中部科學園區,台中園區,112.3
2021,4,11004,中部科學園區,后里園區,28.16
2021,4,11004,中部科學園區,虎尾園區,1.93
2021,4,11004,南部科學園區,臺南園區,162.49
2021,4,11004,南部科學園區,高雄園區,17.45
2021,4,11004,新竹科學園區,宜蘭園區,0.08
2021,4,11004,新竹科學園區,新竹園區,123.31
2021,4,11004,新竹科學園區,新竹生醫園區,0.42
2021,4,11004,新竹科學園區,竹南園區,19.37
2021,4,11004,新竹科學園區,銅鑼園區,3.48
2021,4,11004,新竹科學園區,龍潭園區,16.19
2021,5,11005,中部科學園區,中興園區,0.24
2021,5,11005,中部科學園區,二林園區,0.06
2021,5,11005,中部科學園區,台中園區,112.66
2021,5,11005,中部科學園區,后里園區,28.25
2021,5,11005,中部科學園區,虎尾園區,1.93
2021,5,11005,南部科學園區,臺南園區,163.48
2021,5,11005,南部科學園區,高雄園區,17.45
2021,5,11005,新竹科學園區,宜蘭園區,0.09
2021,5,11005,新竹科學園區,新竹園區,130.93
2021,5,11005,新竹科學園區,新竹生醫園區,0.46
2021,5,11005,新竹科學園區,竹南園區,19.33
2021,5,11005,新竹科學園區,銅鑼園區,3.86
2021,5,11005,新竹科學園區,龍潭園區,15.06
2021,6,11006,中部科學園區,中興園區,0.28
2021,6,11006,中部科學園區,二林園區,0.08
2021,6,11006,中部科學園區,台中園區,117.33
2021,6,11006,中部科學園區,后里園區,33.16
2021,6,11006,中部科學園區,虎尾園區,2.17
2021,6,11006,南部科學園區,臺南園區,165.08
2021,6,11006,南部科學園區,高雄園區,17.45
2021,6,11006,新竹科學園區,宜蘭園區,0.1
2021,6,11006,新竹科學園區,新竹園區,131.32
2021,6,11006,新竹科學園區,新竹生醫園區,0.47
2021,6,11006,新竹科學園區,竹南園區,19.77
2021,6,11006,新竹科學園區,銅鑼園區,3.77
2021,6,11006,新竹科學園區,龍潭園區,15.2
2021,7,11007,中部科學園區,中興園區,0.26
2021,7,11007,中部科學園區,二林園區,0.08
2021,7,11007,中部科學園區,台中園區,117.82
2021,7,11007,中部科學園區,后里園區,33.42
2021,7,11007,中部科學園區,虎尾園區,2.2
2021,7,11007,南部科學園區,臺南園區,165.92
2021,7,11007,南部科學園區,高雄園區,17.47
2021,7,11007,新竹科學園區,宜蘭園區,0.1
2021,7,11007,新竹科學園區,新竹園區,132.75
2021,7,11007,新竹科學園區,新竹生醫園區,0.49
2021,7,11007,新竹科學園區,竹南園區,19.95
2021,7,11007,新竹科學園區,銅鑼園區,4.05
2021,7,11007,新竹科學園區,龍潭園區,15.88
2021,8,11008,中部科學園區,中興園區,0.27
2021,8,11008,中部科學園區,二林園區,0.08
2021,8,11008,中部科學園區,台中園區,119.65
2021,8,11008,中部科學園區,后里園區,33.98
2021,8,11008,中部科學園區,虎尾園區,2.25
2021,8,11008,南部科學園區,臺南園區,166.03
2021,8,11008,南部科學園區,高雄園區,17.61
2021,8,11008,新竹科學園區,宜蘭園區,0.1
2021,8,11008,新竹科學園區,新竹園區,133.53
2021,8,11008,新竹科學園區,新竹生醫園區,0.5
2021,8,11008,新竹科學園區,竹南園區,20.78
2021,8,11008,新竹科學園區,銅鑼園區,3.9
2021,8,11008,新竹科學園區,龍潭園區,15.5
2021,9,11009,中部科學園區,中興園區,0.27
2021,9,11009,中部科學園區,二林園區,0.08
2021,9,11009,中部科學園區,台中園區,119.19
2021,9,11009,中部科學園區,后里園區,33.63
2021,9,11009,中部科學園區,虎尾園區,2.22
2021,9,11009,南部科學園區,臺南園區,168.63
2021,9,11009,南部科學園區,高雄園區,17.58
2021,9,11009,新竹科學園區,宜蘭園區,0.1
2021,9,11009,新竹科學園區,新竹園區,133.11
2021,9,11009,新竹科學園區,新竹生醫園區,1.22
2021,9,11009,新竹科學園區,竹南園區,20.78
2021,9,11009,新竹科學園區,銅鑼園區,4.01
2021,9,11009,新竹科學園區,龍潭園區,15.68
2021,10,11010,中部科學園區,中興園區,0.27
2021,10,11010,中部科學園區,二林園區,0.08
2021,10,11010,中部科學園區,台中園區,119.55
2021,10,11010,中部科學園區,后里園區,33.83
2021,10,11010,中部科學園區,虎尾園區,2.25
2021,10,11010,南部科學園區,臺南園區,172.74
2021,10,11010,南部科學園區,高雄園區,17.78
2021,10,11010,新竹科學園區,宜蘭園區,0.1
2021,10,11010,新竹科學園區,新竹園區,127.43
2021,10,11010,新竹科學園區,新竹生醫園區,1.14
2021,10,11010,新竹科學園區,竹南園區,20.66
2021,10,11010,新竹科學園區,銅鑼園區,3.97
2021,10,11010,新竹科學園區,龍潭園區,15.61
2021,11,11011,中部科學園區,中興園區,0.27
2021,11,11011,中部科學園區,二林園區,0.09
2021,11,11011,中部科學園區,台中園區,118.22
2021,11,11011,中部科學園區,后里園區,33.54
2021,11,11011,中部科學園區,虎尾園區,2.2
2021,11,11011,南部科學園區,臺南園區,173.98
2021,11,11011,南部科學園區,高雄園區,17.87
2021,11,11011,新竹科學園區,宜蘭園區,0.1
2021,11,11011,新竹科學園區,新竹園區,124.21
2021,11,11011,新竹科學園區,新竹生醫園區,1.03
2021,11,11011,新竹科學園區,竹南園區,20.48
2021,11,11011,新竹科學園區,銅鑼園區,3.91
2021,11,11011,新竹科學園區,龍潭園區,14.77
2021,12,11012,中部科學園區,中興園區,0.24
2021,12,11012,中部科學園區,二林園區,0.07
2021,12,11012,中部科學園區,台中園區,114.92
2021,12,11012,中部科學園區,后里園區,33.82
2021,12,11012,中部科學園區,虎尾園區,2.17
2021,12,11012,南部科學園區,臺南園區,174.88
2021,12,11012,南部科學園區,高雄園區,17.87
2021,12,11012,新竹科學園區,宜蘭園區,0.1
2021,12,11012,新竹科學園區,新竹園區,122.33
2021,12,11012,新竹科學園區,新竹生醫園區,1.02
2021,12,11012,新竹科學園區,竹南園區,17.35
2021,12,11012,新竹科學園區,銅鑼園區,3.78
2021,12,11012,新竹科學園區,龍潭園區,14.87
2022,1,11101,中部科學園區,中興園區,0.21
2022,1,11101,中部科學園區,二林園區,0.06
2022,1,11101,中部科學園區,台中園區,112.46
2022,1,11101,中部科學園區,后里園區,33.38
2022,1,11101,中部科學園區,虎尾園區,2.06
2022,1,11101,南部科學園區,橋頭園區,0.0
2022,1,11101,南部科學園區,臺南園區,183.7
2022,1,11101,南部科學園區,高雄園區,17.87
2022,1,11101,新竹科學園區,宜蘭園區,0.09
2022,1,11101,新竹科學園區,新竹園區,118.86
2022,1,11101,新竹科學園區,新竹生醫園區,0.99
2022,1,11101,新竹科學園區,竹南園區,20.37
2022,1,11101,新竹科學園區,銅鑼園區,3.63
2022,1,11101,新竹科學園區,龍潭園區,14.75
2022,2,11102,中部科學園區,中興園區,0.2
2022,2,11102,中部科學園區,二林園區,0.05
2022,2,11102,中部科學園區,台中園區,113.03
2022,2,11102,中部科學園區,后里園區,34.63
2022,2,11102,中部科學園區,虎尾園區,2.09
2022,2,11102,南部科學園區,橋頭園區,0.0
2022,2,11102,南部科學園區,臺南園區,185.04
2022,2,11102,南部科學園區,高雄園區,17.9
2022,2,11102,新竹科學園區,宜蘭園區,0.09
2022,2,11102,新竹科學園區,新竹園區,117.18
2022,2,11102,新竹科學園區,新竹生醫園區,0.94
2022,2,11102,新竹科學園區,竹南園區,20.52
2022,2,11102,新竹科學園區,銅鑼園區,3.58
2022,2,11102,新竹科學園區,龍潭園區,14.68
2022,3,11103,中部科學園區,中興園區,0.21
2022,3,11103,中部科學園區,二林園區,0.05
2022,3,11103,中部科學園區,台中園區,112.26
2022,3,11103,中部科學園區,后里園區,34.43
2022,3,11103,中部科學園區,虎尾園區,2.07
2022,3,11103,南部科學園區,橋頭園區,0.0
2022,3,11103,南部科學園區,臺南園區,187.77
2022,3,11103,南部科學園區,高雄園區,19.12
2022,3,11103,新竹科學園區,宜蘭園區,0.1
2022,3,11103,新竹科學園區,新竹園區,122.3
2022,3,11103,新竹科學園區,新竹生醫園區,1.09
2022,3,11103,新竹科學園區,竹南園區,21.29
2022,3,11103,新竹科學園區,銅鑼園區,3.74
2022,3,11103,新竹科學園區,龍潭園區,14.68
2022,4,11104,中部科學園區,中興園區,0.22
2022,4,11104,中部科學園區,二林園區,0.07
2022,4,11104,中部科學園區,台中園區,116.07
2022,4,11104,中部科學園區,后里園區,35.99
2022,4,11104,中部科學園區,虎尾園區,2.12
2022,4,11104,南部科學園區,橋頭園區,0.0
2022,4,11104,南部科學園區,臺南園區,190.02
2022,4,11104,南部科學園區,高雄園區,19.32
2022,4,11104,新竹科學園區,宜蘭園區,0.11
2022,4,11104,新竹科學園區,新竹園區,124.26
2022,4,11104,新竹科學園區,新竹生醫園區,1.15
2022,4,11104,新竹科學園區,竹南園區,22.67
2022,4,11104,新竹科學園區,銅鑼園區,3.67
2022,4,11104,新竹科學園區,龍潭園區,14.94
2022,5,11105,中部科學園區,中興園區,0.25
2022,5,11105,中部科學園區,二林園區,0.08
2022,5,11105,中部科學園區,台中園區,119.64
2022,5,11105,中部科學園區,后里園區,37.98
2022,5,11105,中部科學園區,虎尾園區,2.15
2022,5,11105,南部科學園區,橋頭園區,0.0
2022,5,11105,南部科學園區,臺南園區,194.09
2022,5,11105,南部科學園區,高雄園區,19.67
2022,5,11105,新竹科學園區,宜蘭園區,0.11
2022,5,11105,新竹科學園區,新竹園區,126.7
2022,5,11105,新竹科學園區,新竹生醫園區,1.18
2022,5,11105,新竹科學園區,竹南園區,22.94
2022,5,11105,新竹科學園區,銅鑼園區,3.84
2022,5,11105,新竹科學園區,龍潭園區,14.33
2022,6,11106,中部科學園區,中興園區,0.26
2022,6,11106,中部科學園區,二林園區,0.08
2022,6,11106,中部科學園區,台中園區,118.96
2022,6,11106,中部科學園區,后里園區,37.3
2022,6,11106,中部科學園區,虎尾園區,2.17
2022,6,11106,南部科學園區,橋頭園區,0.0
2022,6,11106,南部科學園區,臺南園區,201.14
2022,6,11106,南部科學園區,高雄園區,19.96
2022,6,11106,新竹科學園區,宜蘭園區,0.12
2022,6,11106,新竹科學園區,新竹園區,133.44
2022,6,11106,新竹科學園區,新竹生醫園區,1.25
2022,6,11106,新竹科學園區,竹南園區,23.41
2022,6,11106,新竹科學園區,銅鑼園區,3.95
2022,6,11106,新竹科學園區,龍潭園區,14.07
2022,7,11107,中部科學園區,中興園區,0.28
2022,7,11107,中部科學園區,二林園區,0.08
2022,7,11107,中部科學園區,台中園區,118.73
2022,7,11107,中部科學園區,后里園區,37.08
2022,7,11107,中部科學園區,虎尾園區,2.18
2022,7,11107,南部科學園區,橋頭園區,0.0
2022,7,11107,南部科學園區,臺南園區,203.03
2022,7,11107,南部科學園區,高雄園區,20.53
2022,7,11107,新竹科學園區,宜蘭園區,0.12
2022,7,11107,新竹科學園區,新竹園區,137.37
2022,7,11107,新竹科學園區,新竹生醫園區,1.3
2022,7,11107,新竹科學園區,竹南園區,23.44
2022,7,11107,新竹科學園區,銅鑼園區,3.91
2022,7,11107,新竹科學園區,龍潭園區,14.9
2022,8,11108,中部科學園區,中興園區,0.28
2022,8,11108,中部科學園區,二林園區,0.09
2022,8,11108,中部科學園區,台中園區,118.51
2022,8,11108,中部科學園區,后里園區,37.84
2022,8,11108,中部科學園區,虎尾園區,2.25
2022,8,11108,南部科學園區,橋頭園區,0.0
2022,8,11108,南部科學園區,臺南園區,202.06
2022,8,11108,南部科學園區,高雄園區,20.54
2022,8,11108,新竹科學園區,宜蘭園區,0.12
2022,8,11108,新竹科學園區,新竹園區,137.51
2022,8,11108,新竹科學園區,新竹生醫園區,1.29
2022,8,11108,新竹科學園區,竹南園區,22.66
2022,8,11108,新竹科學園區,銅鑼園區,3.97
2022,8,11108,新竹科學園區,龍潭園區,14.23
2022,9,11109,中部科學園區,中興園區,0.27
2022,9,11109,中部科學園區,二林園區,0.09
2022,9,11109,中部科學園區,台中園區,115.34
2022,9,11109,中部科學園區,后里園區,37.71
2022,9,11109,中部科學園區,虎尾園區,2.27
2022,9,11109,南部科學園區,橋頭園區,0.0
2022,9,11109,南部科學園區,臺南園區,202.45
2022,9,11109,南部科學園區,高雄園區,20.13
2022,9,11109,新竹科學園區,宜蘭園區,0.11
2022,9,11109,新竹科學園區,新竹園區,129.61
2022,9,11109,新竹科學園區,新竹生醫園區,1.21
2022,9,11109,新竹科學園區,竹南園區,21.15
2022,9,11109,新竹科學園區,銅鑼園區,3.77
2022,9,11109,新竹科學園區,龍潭園區,13.25
2022,10,11110,中部科學園區,中興園區,0.27
2022,10,11110,中部科學園區,二林園區,0.09
2022,10,11110,中部科學園區,台中園區,114.31
2022,10,11110,中部科學園區,后里園區,37.58
2022,10,11110,中部科學園區,虎尾園區,2.25
2022,10,11110,南部科學園區,橋頭園區,0.0
2022,10,11110,南部科學園區,臺南園區,203.62
2022,10,11110,南部科學園區,高雄園區,20.32
2022,10,11110,新竹科學園區,宜蘭園區,0.11
2022,10,11110,新竹科學園區,新竹園區,125.86
2022,10,11110,新竹科學園區,新竹生醫園區,1.17
2022,10,11110,新竹科學園區,竹南園區,20.6
2022,10,11110,新竹科學園區,銅鑼園區,3.72
2022,10,11110,新竹科學園區,龍潭園區,13.22
2022,11,11111,中部科學園區,中興園區,0.27
2022,11,11111,中部科學園區,二林園區,0.09
2022,11,11111,中部科學園區,台中園區,112.91
2022,11,11111,中部科學園區,后里園區,37.56
2022,11,11111,中部科學園區,虎尾園區,2.23
2022,11,11111,南部科學園區,橋頭園區,0.0
2022,11,11111,南部科學園區,臺南園區,210.31
2022,11,11111,南部科學園區,高雄園區,20.28
2022,11,11111,新竹科學園區,宜蘭園區,0.11
2022,11,11111,新竹科學園區,新竹園區,124.12
2022,11,11111,新竹科學園區,新竹生醫園區,1.15
2022,11,11111,新竹科學園區,竹南園區,20.22
2022,11,11111,新竹科學園區,銅鑼園區,3.78
2022,11,11111,新竹科學園區,龍潭園區,13.96
2022,12,11112,中部科學園區,中興園區,0.26
2022,12,11112,中部科學園區,二林園區,0.07
2022,12,11112,中部科學園區,台中園區,111.31
2022,12,11112,中部科學園區,后里園區,37.93
2022,12,11112,中部科學園區,虎尾園區,2.13
2022,12,11112,南部科學園區,橋頭園區,0.0
2022,12,11112,南部科學園區,臺南園區,210.55
2022,12,11112,南部科學園區,高雄園區,20.27
2022,12,11112,新竹科學園區,宜蘭園區,0.1
2022,12,11112,新竹科學園區,新竹園區,116.82
2022,12,11112,新竹科學園區,新竹生醫園區,1.02
2022,12,11112,新竹科學園區,竹南園區,19.76
2022,12,11112,新竹科學園區,銅鑼園區,3.45
2022,12,11112,新竹科學園區,龍潭園區,13.03
2023,1,11201,中部科學園區,中興園區,0.24
2023,1,11201,中部科學園區,二林園區,0.06
2023,1,11201,中部科學園區,台中園區,105.88
2023,1,11201,中部科學園區,后里園區,35.9
2023,1,11201,中部科學園區,虎尾園區,2.03
2023,1,11201,南部科學園區,橋頭園區,0.0
2023,1,11201,南部科學園區,臺南園區,217.8
2023,1,11201,南部科學園區,高雄園區,20.26
2023,1,11201,新竹科學園區,宜蘭園區,0.1
2023,1,11201,新竹科學園區,新竹園區,116.0
2023,1,11201,新竹科學園區,新竹生醫園區,1.0
2023,1,11201,新竹科學園區,竹南園區,19.82
2023,1,11201,新竹科學園區,銅鑼園區,3.58
2023,1,11201,新竹科學園區,龍潭園區,13.22
2023,2,11202,中部科學園區,中興園區,0.22
2023,2,11202,中部科學園區,二林園區,0.57
2023,2,11202,中部科學園區,台中園區,106.67
2023,2,11202,中部科學園區,后里園區,36.19
2023,2,11202,中部科學園區,虎尾園區,1.99
2023,2,11202,南部科學園區,橋頭園區,0.0
2023,2,11202,南部科學園區,臺南園區,218.29
2023,2,11202,南部科學園區,高雄園區,20.21
2023,2,11202,新竹科學園區,宜蘭園區,0.1
2023,2,11202,新竹科學園區,新竹園區,118.3
2023,2,11202,新竹科學園區,新竹生醫園區,1.0
2023,2,11202,新竹科學園區,竹南園區,19.83
2023,2,11202,新竹科學園區,銅鑼園區,3.54
2023,2,11202,新竹科學園區,龍潭園區,13.53
2023,3,11203,中部科學園區,中興園區,0.23
2023,3,11203,中部科學園區,二林園區,0.56
2023,3,11203,中部科學園區,台中園區,107.03
2023,3,11203,中部科學園區,后里園區,36.26
2023,3,11203,中部科學園區,虎尾園區,1.95
2023,3,11203,南部科學園區,橋頭園區,0.0
2023,3,11203,南部科學園區,臺南園區,220.93
2023,3,11203,南部科學園區,高雄園區,20.18
2023,3,11203,新竹科學園區,宜蘭園區,0.11
2023,3,11203,新竹科學園區,新竹園區,120.4
2023,3,11203,新竹科學園區,新竹生醫園區,1.07
2023,3,11203,新竹科學園區,竹南園區,20.19
2023,3,11203,新竹科學園區,銅鑼園區,4.2
2023,3,11203,新竹科學園區,龍潭園區,13.62
2023,4,11204,中部科學園區,中興園區,0.24
2023,4,11204,中部科學園區,二林園區,0.66
2023,4,11204,中部科學園區,台中園區,107.69
2023,4,11204,中部科學園區,后里園區,37.13
2023,4,11204,中部科學園區,虎尾園區,1.96
2023,4,11204,南部科學園區,橋頭園區,0.0
2023,4,11204,南部科學園區,臺南園區,224.85
2023,4,11204,南部科學園區,高雄園區,20.27
2023,4,11204,新竹科學園區,宜蘭園區,0.11
2023,4,11204,新竹科學園區,新竹園區,128.74
2023,4,11204,新竹科學園區,新竹生醫園區,1.11
2023,4,11204,新竹科學園區,竹南園區,20.48
2023,4,11204,新竹科學園區,銅鑼園區,4.59
2023,4,11204,新竹科學園區,龍潭園區,14.47
2023,5,11205,中部科學園區,中興園區,0.25
2023,5,11205,中部科學園區,二林園區,0.7
2023,5,11205,中部科學園區,台中園區,110.29
2023,5,11205,中部科學園區,后里園區,37.51
2023,5,11205,中部科學園區,虎尾園區,1.93
2023,5,11205,南部科學園區,橋頭園區,0.0
2023,5,11205,南部科學園區,臺南園區,227.89
2023,5,11205,南部科學園區,高雄園區,20.4
2023,5,11205,新竹科學園區,宜蘭園區,0.12
2023,5,11205,新竹科學園區,新竹園區,132.72
2023,5,11205,新竹科學園區,新竹生醫園區,1.26
2023,5,11205,新竹科學園區,竹南園區,22.26
2023,5,11205,新竹科學園區,銅鑼園區,4.75
2023,5,11205,新竹科學園區,龍潭園區,15.05
2023,6,11206,中部科學園區,中興園區,0.28
2023,6,11206,中部科學園區,二林園區,0.84
2023,6,11206,中部科學園區,台中園區,115.4
2023,6,11206,中部科學園區,后里園區,38.84
2023,6,11206,中部科學園區,虎尾園區,1.92
2023,6,11206,南部科學園區,橋頭園區,0.0
2023,6,11206,南部科學園區,臺南園區,230.21
2023,6,11206,南部科學園區,高雄園區,20.87
2023,6,11206,新竹科學園區,宜蘭園區,0.16
2023,6,11206,新竹科學園區,新竹園區,139.3
2023,6,11206,新竹科學園區,新竹生醫園區,1.32
2023,6,11206,新竹科學園區,竹南園區,22.27
2023,6,11206,新竹科學園區,銅鑼園區,5.11
2023,6,11206,新竹科學園區,龍潭園區,15.29
2023,7,11207,中部科學園區,中興園區,0.29
2023,7,11207,中部科學園區,二林園區,0.82
2023,7,11207,中部科學園區,台中園區,117.05
2023,7,11207,中部科學園區,后里園區,39.07
2023,7,11207,中部科學園區,虎尾園區,1.95
2023,7,11207,南部科學園區,橋頭園區,0.0
2023,7,11207,南部科學園區,臺南園區,233.63
2023,7,11207,南部科學園區,高雄園區,21.12
2023,7,11207,新竹科學園區,宜蘭園區,0.16
2023,7,11207,新竹科學園區,新竹園區,138.29
2023,7,11207,新竹科學園區,新竹生醫園區,1.38
2023,7,11207,新竹科學園區,竹南園區,22.8
2023,7,11207,新竹科學園區,銅鑼園區,5.53
2023,7,11207,新竹科學園區,龍潭園區,15.04
2023,8,11208,中部科學園區,中興園區,0.3
2023,8,11208,中部科學園區,二林園區,0.84
2023,8,11208,中部科學園區,台中園區,118.16
2023,8,11208,中部科學園區,后里園區,38.94
2023,8,11208,中部科學園區,虎尾園區,1.96
2023,8,11208,南部科學園區,橋頭園區,0.0
2023,8,11208,南部科學園區,臺南園區,233.9
2023,8,11208,南部科學園區,高雄園區,21.53
2023,8,11208,新竹科學園區,宜蘭園區,0.17
2023,8,11208,新竹科學園區,新竹園區,138.43
2023,8,11208,新竹科學園區,新竹生醫園區,1.34
2023,8,11208,新竹科學園區,竹南園區,23.2
2023,8,11208,新竹科學園區,銅鑼園區,5.82
2023,8,11208,新竹科學園區,龍潭園區,15.04
2023,9,11209,中部科學園區,中興園區,0.29
2023,9,11209,中部科學園區,二林園區,0.91
2023,9,11209,中部科學園區,台中園區,117.64
2023,9,11209,中部科學園區,后里園區,38.93
2023,9,11209,中部科學園區,虎尾園區,1.9
2023,9,11209,南部科學園區,橋頭園區,0.0
2023,9,11209,南部科學園區,臺南園區,233.9
2023,9,11209,南部科學園區,高雄園區,21.63
2023,9,11209,新竹科學園區,宜蘭園區,0.17
2023,9,11209,新竹科學園區,新竹園區,136.25
2023,9,11209,新竹科學園區,新竹生醫園區,1.32
2023,9,11209,新竹科學園區,竹南園區,23.22
2023,9,11209,新竹科學園區,銅鑼園區,5.79
2023,9,11209,新竹科學園區,龍潭園區,14.61
2023,10,11210,中部科學園區,中興園區,0.28
2023,10,11210,中部科學園區,二林園區,0.92
2023,10,11210,中部科學園區,台中園區,115.82
2023,10,11210,中部科學園區,后里園區,39.21
2023,10,11210,中部科學園區,虎尾園區,1.89
2023,10,11210,南部科學園區,橋頭園區,0.0
2023,10,11210,南部科學園區,臺南園區,233.47
2023,10,11210,南部科學園區,高雄園區,21.63
2023,10,11210,新竹科學園區,宜蘭園區,0.16
2023,10,11210,新竹科學園區,新竹園區,133.14
2023,10,11210,新竹科學園區,新竹生醫園區,1.29
2023,10,11210,新竹科學園區,竹南園區,23.45
2023,10,11210,新竹科學園區,銅鑼園區,5.91
2023,10,11210,新竹科學園區,龍潭園區,14.9
2023,11,11211,中部科學園區,中興園區,0.27
2023,11,11211,中部科學園區,二林園區,0.9
2023,11,11211,中部科學園區,台中園區,113.32
2023,11,11211,中部科學園區,后里園區,38.48
2023,11,11211,中部科學園區,虎尾園區,1.87
2023,11,11211,南部科學園區,橋頭園區,0.0
2023,11,11211,南部科學園區,臺南園區,232.88
2023,11,11211,南部科學園區,高雄園區,21.73
2023,11,11211,新竹科學園區,宜蘭園區,0.17
2023,11,11211,新竹科學園區,新竹園區,126.56
2023,11,11211,新竹科學園區,新竹生醫園區,1.2
2023,11,11211,新竹科學園區,竹南園區,22.88
2023,11,11211,新竹科學園區,銅鑼園區,5.79
2023,11,11211,新竹科學園區,龍潭園區,13.57
2023,12,11212,中部科學園區,中興園區,0.23
2023,12,11212,中部科學園區,二林園區,0.9
2023,12,11212,中部科學園區,台中園區,109.55
2023,12,11212,中部科學園區,后里園區,37.59
2023,12,11212,中部科學園區,虎尾園區,1.84
2023,12,11212,南部科學園區,橋頭園區,0.0
2023,12,11212,南部科學園區,臺南園區,229.91
2023,12,11212,南部科學園區,高雄園區,21.72
2023,12,11212,新竹科學園區,宜蘭園區,0.14
2023,12,11212,新竹科學園區,新竹園區,122.5
2023,12,11212,新竹科學園區,新竹生醫園區,1.13
2023,12,11212,新竹科學園區,竹南園區,23.88
2023,12,11212,新竹科學園區,銅鑼園區,5.94
2023,12,11212,新竹科學園區,龍潭園區,15.19
2024,1,11301,中部科學園區,中興園區,0.22
2024,1,11301,中部科學園區,二林園區,0.91
2024,1,11301,中部科學園區,台中園區,107.65
2024,1,11301,中部科學園區,后里園區,37.24
2024,1,11301,中部科學園區,虎尾園區,1.78
2024,1,11301,南部科學園區,橋頭園區,0.0
2024,1,11301,南部科學園區,臺南園區,232.62
2024,1,11301,南部科學園區,高雄園區,21.69
2024,1,11301,新竹科學園區,宜蘭園區,0.15
2024,1,11301,新竹科學園區,新竹園區,122.84
2024,1,11301,新竹科學園區,新竹生醫園區,1.06
2024,1,11301,新竹科學園區,竹南園區,24.06
2024,1,11301,新竹科學園區,銅鑼園區,6.95
2024,1,11301,新竹科學園區,龍潭園區,13.43
2024,2,11302,中部科學園區,中興園區,0.19
2024,2,11302,中部科學園區,二林園區,0.91
2024,2,11302,中部科學園區,台中園區,106.27
2024,2,11302,中部科學園區,后里園區,37.71
2024,2,11302,中部科學園區,虎尾園區,1.74
2024,2,11302,南部科學園區,橋頭園區,0.0
2024,2,11302,南部科學園區,臺南園區,228.38
2024,2,11302,南部科學園區,高雄園區,21.88
2024,2,11302,新竹科學園區,宜蘭園區,0.21
2024,2,11302,新竹科學園區,新竹園區,128.49
2024,2,11302,新竹科學園區,新竹生醫園區,1.11
2024,2,11302,新竹科學園區,竹南園區,24.53
2024,2,11302,新竹科學園區,銅鑼園區,5.38
2024,2,11302,新竹科學園區,龍潭園區,14.09
2024,3,11303,中部科學園區,中興園區,0.21
2024,3,11303,中部科學園區,二林園區,0.96
2024,3,11303,中部科學園區,台中園區,108.73
2024,3,11303,中部科學園區,后里園區,38.4
2024,3,11303,中部科學園區,虎尾園區,1.74
2024,3,11303,南部科學園區,橋頭園區,0.0
2024,3,11303,南部科學園區,臺南園區,228.69
2024,3,11303,南部科學園區,高雄園區,21.92
2024,3,11303,新竹科學園區,宜蘭園區,0.16
2024,3,11303,新竹科學園區,新竹園區,122.58
2024,3,11303,新竹科學園區,新竹生醫園區,1.11
2024,3,11303,新竹科學園區,竹南園區,25.41
2024,3,11303,新竹科學園區,銅鑼園區,5.54
2024,3,11303,新竹科學園區,龍潭園區,13.8
2024,4,11304,中部科學園區,中興園區,0.22
2024,4,11304,中部科學園區,二林園區,1.07
2024,4,11304,中部科學園區,台中園區,109.86
2024,4,11304,中部科學園區,后里園區,39.36
2024,4,11304,中部科學園區,虎尾園區,1.78
2024,4,11304,南部科學園區,橋頭園區,0.0
2024,4,11304,南部科學園區,臺南園區,228.69
2024,4,11304,南部科學園區,高雄園區,21.91
2024,4,11304,新竹科學園區,宜蘭園區,0.18
2024,4,11304,新竹科學園區,新竹園區,133.34
2024,4,11304,新竹科學園區,新竹生醫園區,1.14
2024,4,11304,新竹科學園區,竹南園區,27.89
2024,4,11304,新竹科學園區,銅鑼園區,5.86
2024,4,11304,新竹科學園區,龍潭園區,13.33
2024,5,11305,中部科學園區,中興園區,0.23
2024,5,11305,中部科學園區,二林園區,1.11
2024,5,11305,中部科學園區,台中園區,111.82
2024,5,11305,中部科學園區,后里園區,40.1
2024,5,11305,中部科學園區,虎尾園區,1.82
2024,5,11305,南部科學園區,楠梓園區,0.0
2024,5,11305,南部科學園區,橋頭園區,0.0
2024,5,11305,南部科學園區,臺南園區,231.78
2024,5,11305,南部科學園區,高雄園區,21.93
2024,5,11305,新竹科學園區,宜蘭園區,0.21
2024,5,11305,新竹科學園區,新竹園區,128.77
2024,5,11305,新竹科學園區,新竹生醫園區,1.22
2024,5,11305,新竹科學園區,竹南園區,27.03
2024,5,11305,新竹科學園區,銅鑼園區,6.07
2024,5,11305,新竹科學園區,龍潭園區,13.74
2024,6,11306,中部科學園區,中興園區,0.24
2024,6,11306,中部科學園區,二林園區,1.1
2024,6,11306,中部科學園區,台中園區,113.06
2024,6,11306,中部科學園區,后里園區,40.4
2024,6,11306,中部科學園區,虎尾園區,1.91
2024,6,11306,南部科學園區,楠梓園區,0.0
2024,6,11306,南部科學園區,橋頭園區,0.0
2024,6,11306,南部科學園區,臺南園區,232.5
2024,6,11306,南部科學園區,高雄園區,22.39
2024,6,11306,新竹科學園區,宜蘭園區,0.23
2024,6,11306,新竹科學園區,新竹園區,143.08
2024,6,11306,新竹科學園區,新竹生醫園區,1.24
2024,6,11306,新竹科學園區,竹南園區,28.23
2024,6,11306,新竹科學園區,銅鑼園區,6.39
2024,6,11306,新竹科學園區,龍潭園區,14.97
2024,7,11307,中部科學園區,中興園區,0.28
2024,7,11307,中部科學園區,二林園區,1.16
2024,7,11307,中部科學園區,台中園區,115.3
2024,7,11307,中部科學園區,后里園區,42.04
2024,7,11307,中部科學園區,虎尾園區,1.92
2024,7,11307,南部科學園區,楠梓園區,0.0
2024,7,11307,南部科學園區,橋頭園區,0.0
2024,7,11307,南部科學園區,臺南園區,233.06
2024,7,11307,南部科學園區,高雄園區,22.31
2024,7,11307,新竹科學園區,宜蘭園區,0.23
2024,7,11307,新竹科學園區,新竹園區,145.21
2024,7,11307,新竹科學園區,新竹生醫園區,1.36
2024,7,11307,新竹科學園區,竹南園區,29.68
2024,7,11307,新竹科學園區,銅鑼園區,6.38
2024,7,11307,新竹科學園區,龍潭園區,14.71
2024,8,11308,中部科學園區,中興園區,0.28
2024,8,11308,中部科學園區,二林園區,1.22
2024,8,11308,中部科學園區,台中園區,115.21
2024,8,11308,中部科學園區,后里園區,42.22
2024,8,11308,中部科學園區,虎尾園區,1.95
2024,8,11308,南部科學園區,楠梓園區,0.0
2024,8,11308,南部科學園區,橋頭園區,0.0
2024,8,11308,南部科學園區,臺南園區,233.97
2024,8,11308,南部科學園區,高雄園區,22.38
2024,8,11308,新竹科學園區,宜蘭園區,0.23
2024,8,11308,新竹科學園區,新竹園區,143.05
2024,8,11308,新竹科學園區,新竹生醫園區,1.37
2024,8,11308,新竹科學園區,竹南園區,28.44
2024,8,11308,新竹科學園區,銅鑼園區,6.4
2024,8,11308,新竹科學園區,龍潭園區,14.83
2024,9,11309,中部科學園區,中興園區,0.28
2024,9,11309,中部科學園區,二林園區,1.25
2024,9,11309,中部科學園區,台中園區,114.83
2024,9,11309,中部科學園區,后里園區,42.56
2024,9,11309,中部科學園區,虎尾園區,1.98
2024,9,11309,南部科學園區,楠梓園區,0.0
2024,9,11309,南部科學園區,橋頭園區,0.0
2024,9,11309,南部科學園區,臺南園區,233.54
2024,9,11309,南部科學園區,高雄園區,22.39
2024,9,11309,新竹科學園區,宜蘭園區,0.22
2024,9,11309,新竹科學園區,新竹園區,144.73
2024,9,11309,新竹科學園區,新竹生醫園區,1.36
2024,9,11309,新竹科學園區,竹南園區,29.06
2024,9,11309,新竹科學園區,銅鑼園區,6.5
2024,9,11309,新竹科學園區,龍潭園區,14.72
2024,10,11310,中部科學園區,中興園區,0.27
2024,10,11310,中部科學園區,二林園區,1.24
2024,10,11310,中部科學園區,台中園區,114.86
2024,10,11310,中部科學園區,后里園區,43.33
2024,10,11310,中部科學園區,虎尾園區,1.95
2024,10,11310,南部科學園區,楠梓園區,0.0
2024,10,11310,南部科學園區,橋頭園區,0.0
2024,10,11310,南部科學園區,臺南園區,233.59
2024,10,11310,南部科學園區,高雄園區,22.39
2024,10,11310,新竹科學園區,宜蘭園區,0.21
2024,10,11310,新竹科學園區,新竹園區,144.28
2024,10,11310,新竹科學園區,新竹生醫園區,1.35
2024,10,11310,新竹科學園區,竹南園區,28.71
2024,10,11310,新竹科學園區,銅鑼園區,6.51
2024,10,11310,新竹科學園區,龍潭園區,14.66
2024,11,11311,中部科學園區,中興園區,0.26
2024,11,11311,中部科學園區,二林園區,1.22
2024,11,11311,中部科學園區,台中園區,112.96
2024,11,11311,中部科學園區,后里園區,43.13
2024,11,11311,中部科學園區,虎尾園區,1.9
2024,11,11311,南部科學園區,楠梓園區,0.0
2024,11,11311,南部科學園區,橋頭園區,0.0
2024,11,11311,南部科學園區,臺南園區,232.97
2024,11,11311,南部科學園區,高雄園區,22.39
2024,11,11311,新竹科學園區,宜蘭園區,0.21
2024,11,11311,新竹科學園區,新竹園區,133.95
2024,11,11311,新竹科學園區,新竹生醫園區,1.25
2024,11,11311,新竹科學園區,竹南園區,27.77
2024,11,11311,新竹科學園區,銅鑼園區,6.52
2024,11,11311,新竹科學園區,龍潭園區,14.36
2024,12,11312,中部科學園區,中興園區,0.23
2024,12,11312,中部科學園區,二林園區,1.11
2024,12,11312,中部科學園區,台中園區,110.11
2024,12,11312,中部科學園區,后里園區,42.56
2024,12,11312,中部科學園區,虎尾園區,1.85
2024,12,11312,南部科學園區,楠梓園區,0.0
2024,12,11312,南部科學園區,橋頭園區,0.0
2024,12,11312,南部科學園區,臺南園區,232.99
2024,12,11312,南部科學園區,高雄園區,22.44
2024,12,11312,新竹科學園區,宜蘭園區,0.18
2024,12,11312,新竹科學園區,新竹園區,128.97
2024,12,11312,新竹科學園區,新竹生醫園區,1.2
2024,12,11312,新竹科學園區,竹南園區,26.79
2024,12,11312,新竹科學園區,銅鑼園區,6.45
2024,12,11312,新竹科學園區,龍潭園區,14.45
2025,1,11401,中部科學園區,中興園區,0.19
2025,1,11401,中部科學園區,二林園區,1.2
2025,1,11401,中部科學園區,台中園區,105.88
2025,1,11401,中部科學園區,后里園區,41.69
2025,1,11401,中部科學園區,虎尾園區,1.84
2025,1,11401,南部科學園區,楠梓園區,0.0
2025,1,11401,南部科學園區,橋頭園區,0.0
2025,1,11401,南部科學園區,臺南園區,233.02
2025,1,11401,南部科學園區,高雄園區,22.59
2025,1,11401,新竹科學園區,宜蘭園區,0.18
2025,1,11401,新竹科學園區,新竹園區,127.9
2025,1,11401,新竹科學園區,新竹生醫園區,1.06
2025,1,11401,新竹科學園區,竹南園區,25.71
2025,1,11401,新竹科學園區,銅鑼園區,6.41
2025,1,11401,新竹科學園區,龍潭園區,16.13
2025,2,11402,中部科學園區,中興園區,0.2
2025,2,11402,中部科學園區,二林園區,1.31
2025,2,11402,中部科學園區,台中園區,104.04
2025,2,11402,中部科學園區,后里園區,41.51
2025,2,11402,中部科學園區,虎尾園區,1.77
2025,2,11402,南部科學園區,楠梓園區,0.0
2025,2,11402,南部科學園區,橋頭園區,0.0
2025,2,11402,南部科學園區,臺南園區,232.94
2025,2,11402,南部科學園區,高雄園區,22.96
2025,2,11402,新竹科學園區,宜蘭園區,0.19
2025,2,11402,新竹科學園區,新竹園區,130.65
2025,2,11402,新竹科學園區,新竹生醫園區,0.99
2025,2,11402,新竹科學園區,竹南園區,26.13
2025,2,11402,新竹科學園區,銅鑼園區,6.47
2025,2,11402,新竹科學園區,龍潭園區,14.45
2025,3,11403,中部科學園區,中興園區,0.18
2025,3,11403,中部科學園區,二林園區,1.83
2025,3,11403,中部科學園區,台中園區,104.36
2025,3,11403,中部科學園區,后里園區,42.52
2025,3,11403,中部科學園區,虎尾園區,1.79
2025,3,11403,南部科學園區,楠梓園區,0.0
2025,3,11403,南部科學園區,橋頭園區,0.0
2025,3,11403,南部科學園區,臺南園區,232.78
2025,3,11403,南部科學園區,高雄園區,22.93
2025,3,11403,新竹科學園區,宜蘭園區,0.19
2025,3,11403,新竹科學園區,新竹園區,122.82
2025,3,11403,新竹科學園區,新竹生醫園區,1.0
2025,3,11403,新竹科學園區,竹南園區,27.24
2025,3,11403,新竹科學園區,銅鑼園區,7.11
2025,3,11403,新竹科學園區,龍潭園區,17.09
2025,4,11404,中部科學園區,中興園區,0.2
2025,4,11404,中部科學園區,二林園區,1.67
2025,4,11404,中部科學園區,台中園區,109.55
2025,4,11404,中部科學園區,后里園區,45.05
2025,4,11404,中部科學園區,虎尾園區,1.83
2025,4,11404,南部科學園區,楠梓園區,0.0
2025,4,11404,南部科學園區,橋頭園區,0.0
2025,4,11404,南部科學園區,臺南園區,232.94
2025,4,11404,南部科學園區,高雄園區,22.94
2025,4,11404,新竹科學園區,宜蘭園區,0.21
2025,4,11404,新竹科學園區,新竹園區,135.6
2025,4,11404,新竹科學園區,新竹生醫園區,1.12
2025,4,11404,新竹科學園區,竹南園區,28.06
2025,4,11404,新竹科學園區,銅鑼園區,7.56
2025,4,11404,新竹科學園區,龍潭園區,16.32
2025,5,11405,中部科學園區,中興園區,0.23
2025,5,11405,中部科學園區,二林園區,1.87
2025,5,11405,中部科學園區,台中園區,114.86
2025,5,11405,中部科學園區,后里園區,45.75
2025,5,11405,中部科學園區,虎尾園區,1.87
2025,5,11405,南部科學園區,楠梓園區,0.0
2025,5,11405,南部科學園區,橋頭園區,0.0
2025,5,11405,南部科學園區,臺南園區,235.64
2025,5,11405,南部科學園區,高雄園區,23.14
2025,5,11405,新竹科學園區,宜蘭園區,0.23
2025,5,11405,新竹科學園區,新竹園區,141.96
2025,5,11405,新竹科學園區,新竹生醫園區,1.17
2025,5,11405,新竹科學園區,竹南園區,31.2
2025,5,11405,新竹科學園區,銅鑼園區,7.88
2025,5,11405,新竹科學園區,龍潭園區,16.09
2025,6,11406,中部科學園區,中興園區,0.25
2025,6,11406,中部科學園區,二林園區,2.1
2025,6,11406,中部科學園區,台中園區,113.91
2025,6,11406,中部科學園區,后里園區,47.07
2025,6,11406,中部科學園區,虎尾園區,1.95
2025,6,11406,南部科學園區,楠梓園區,0.0
2025,6,11406,南部科學園區,橋頭園區,0.0
2025,6,11406,南部科學園區,臺南園區,236.04
2025,6,11406,南部科學園區,高雄園區,23.32
2025,6,11406,新竹科學園區,宜蘭園區,0.24
2025,6,11406,新竹科學園區,新竹園區,147.42
2025,6,11406,新竹科學園區,新竹生醫園區,1.32
2025,6,11406,新竹科學園區,竹南園區,28.98
2025,6,11406,新竹科學園區,銅鑼園區,8.08
2025,6,11406,新竹科學園區,龍潭園區,15.75
2025,7,11407,中部科學園區,中興園區,0.26
2025,7,11407,中部科學園區,二林園區,2.39
2025,7,11407,中部科學園區,台中園區,114.72
2025,7,11407,中部科學園區,后里園區,48.55
2025,7,11407,中部科學園區,虎尾園區,1.95
2025,7,11407,南部科學園區,楠梓園區,0.0
2025,7,11407,南部科學園區,橋頭園區,0.0
2025,7,11407,南部科學園區,臺南園區,237.38
2025,7,11407,南部科學園區,高雄園區,23.49
2025,7,11407,新竹科學園區,宜蘭園區,0.24
2025,7,11407,新竹科學園區,新竹園區,155.51
2025,7,11407,新竹科學園區,新竹生醫園區,1.41
2025,7,11407,新竹科學園區,竹南園區,28.82
2025,7,11407,新竹科學園區,銅鑼園區,8.3
2025,7,11407,新竹科學園區,龍潭園區,17.56
2025,8,11408,中部科學園區,中興園區,0.25
2025,8,11408,中部科學園區,二林園區,2.48
2025,8,11408,中部科學園區,台中園區,115.16
2025,8,11408,中部科學園區,后里園區,49.3
2025,8,11408,中部科學園區,虎尾園區,1.99
2025,8,11408,南部科學園區,楠梓園區,0.0
2025,8,11408,南部科學園區,橋頭園區,0.0
2025,8,11408,南部科學園區,臺南園區,237.37
2025,8,11408,南部科學園區,高雄園區,23.51
2025,8,11408,新竹科學園區,宜蘭園區,0.24
2025,8,11408,新竹科學園區,新竹園區,149.38
2025,8,11408,新竹科學園區,新竹生醫園區,1.43
2025,8,11408,新竹科學園區,竹南園區,28.8
2025,8,11408,新竹科學園區,銅鑼園區,8.28
2025,8,11408,新竹科學園區,龍潭園區,18.53
2025,9,11409,中部科學園區,中興園區,0.24
2025,9,11409,中部科學園區,二林園區,2.66
2025,9,11409,中部科學園區,台中園區,114.49
2025,9,11409,中部科學園區,后里園區,50.31
2025,9,11409,中部科學園區,虎尾園區,1.96
2025,9,11409,南部科學園區,楠梓園區,0.0
2025,9,11409,南部科學園區,橋頭園區,0.0
2025,9,11409,南部科學園區,臺南園區,237.44
2025,9,11409,南部科學園區,高雄園區,23.64
2025,9,11409,新竹科學園區,宜蘭園區,0.25
2025,9,11409,新竹科學園區,新竹園區,152.32
2025,9,11409,新竹科學園區,新竹生醫園區,1.45
2025,9,11409,新竹科學園區,竹南園區,28.83
2025,9,11409,新竹科學園區,銅鑼園區,8.43
2025,9,11409,新竹科學園區,龍潭園區,18.79
2025,10,11410,中部科學園區,中興園區,0.26
2025,10,11410,中部科學園區,二林園區,2.81
2025,10,11410,中部科學園區,台中園區,114.65
2025,10,11410,中部科學園區,后里園區,50.59
2025,10,11410,中部科學園區,虎尾園區,2.03
2025,10,11410,南部科學園區,楠梓園區,0.0
2025,10,11410,南部科學園區,橋頭園區,0.0
2025,10,11410,南部科學園區,臺南園區,237.12
2025,10,11410,南部科學園區,高雄園區,23.64
2025,10,11410,新竹科學園區,宜蘭園區,0.25
2025,10,11410,新竹科學園區,新竹園區,153.58
2025,10,11410,新竹科學園區,新竹生醫園區,1.45
2025,10,11410,新竹科學園區,竹南園區,28.24
2025,10,11410,新竹科學園區,銅鑼園區,8.27
2025,10,11410,新竹科學園區,龍潭園區,18.62
2025,11,11411,中部科學園區,中興園區,0.27
2025,11,11411,中部科學園區,二林園區,2.86
2025,11,11411,中部科學園區,台中園區,117.24
2025,11,11411,中部科學園區,后里園區,50.47
2025,11,11411,中部科學園區,虎尾園區,2.33
2025,11,11411,南部科學園區,楠梓園區,0.0
2025,11,11411,南部科學園區,橋頭園區,0.0
2025,11,11411,南部科學園區,臺南園區,237.16
2025,11,11411,南部科學園區,高雄園區,23.91
2025,11,11411,新竹科學園區,宜蘭園區,0.24
2025,11,11411,新竹科學園區,新竹園區,143.98
2025,11,11411,新竹科學園區,新竹生醫園區,1.37
2025,11,11411,新竹科學園區,竹南園區,27.73
2025,11,11411,新竹科學園區,銅鑼園區,7.96
2025,11,11411,新竹科學園區,龍潭園區,17.71
2025,12,11412,中部科學園區,中興園區,0.22
2025,12,11412,中部科學園區,二林園區,2.87
2025,12,11412,中部科學園區,台中園區,113.0
2025,12,11412,中部科學園區,后里園區,49.6
2025,12,11412,中部科學園區,虎尾園區,2.23
2025,12,11412,南部科學園區,楠梓園區,0.0
2025,12,11412,南部科學園區,橋頭園區,0.0
2025,12,11412,南部科學園區,臺南園區,237.43
2025,12,11412,南部科學園區,高雄園區,23.96
2025,12,11412,新竹科學園區,宜蘭園區,0.22
2025,12,11412,新竹科學園區,新竹園區,143.3
2025,12,11412,新竹科學園區,新竹生醫園區,1.24
2025,12,11412,新竹科學園區,竹南園區,27.26
2025,12,11412,新竹科學園區,銅鑼園區,8.29
2025,12,11412,新竹科學園區,龍潭園區,17.56
2026,1,11501,中部科學園區,中興園區,0.2
2026,1,11501,中部科學園區,二林園區,3.04
2026,1,11501,中部科學園區,台中園區,111.11
2026,1,11501,中部科學園區,后里園區,49.07
2026,1,11501,中部科學園區,虎尾園區,2.32
2026,1,11501,南部科學園區,楠梓園區,0.0
2026,1,11501,南部科學園區,橋頭園區,0.0
2026,1,11501,南部科學園區,臺南園區,237.42
2026,1,11501,南部科學園區,高雄園區,23.96
2026,1,11501,新竹科學園區,宜蘭園區,0.21
2026,1,11501,新竹科學園區,新竹園區,137.03
2026,1,11501,新竹科學園區,新竹生醫園區,1.14
2026,1,11501,新竹科學園區,竹南園區,26.67
2026,1,11501,新竹科學園區,銅鑼園區,7.96
2026,1,11501,新竹科學園區,龍潭園區,18.03
